phase_key,dimension,group,n_mean,n_std,positive_rate_mean,positive_rate_std,macro_f1_mean,macro_f1_std,log_loss_mean,log_loss_std,roc_auc_mean,roc_auc_std,brier_mean,brier_std,ece_10_mean,ece_10_std,calibration_bias_mean,calibration_bias_std,precision_mean,precision_std,recall_mean,recall_std,fpr_mean,fpr_std,fnr_mean,fnr_std,error_rate_mean,error_rate_std
P6_clean,feature_missing__Airline,missing,19876.0,0.0,0.166733749245321,0.0,0.5599174540523673,0.0023372925042554897,0.4368312810693922,0.0005182555754968597,0.6242343984191757,0.0033530889396769345,0.13492592312891546,0.00014700303413106027,0.0025285085812101335,0.00020814975803794988,-0.0014434874261578523,0.0001971839752363249,0.2810187551381463,0.004448452799214433,0.23114061557030777,0.00905250452625227,0.11836332166002496,0.005529339800095211,0.7688593844296921,0.009052504526252253,0.22682296907493124,0.0033472879186181833
P6_clean,feature_missing__Airline,observed,235125.0,0.0,0.17729292929292928,0.0,0.5764281919273757,0.0010181914419328812,0.4484851419077243,0.00028707773389636,0.6441183098175445,0.0011769900084466643,0.1403246832240632,9.273554213996153e-05,0.004854866109890313,0.0008881831090303844,-0.002252446950547391,0.00024452768757285545,0.29258679399624393,0.002419808399046232,0.34460810184074586,0.009441877910685681,0.17958977593280914,0.006556710043162636,0.6553918981592541,0.009441877910685717,0.26394612794612793,0.003790877585286271
P6_clean,feature_missing__Arr_Hour,missing,3031.0,0.0,0.17123061695809963,0.0,0.508515716511042,0.003874805157158843,0.45444104706612687,0.0008390291720913305,0.5760432135128392,0.008470671918362696,0.14106537156672064,0.00020111091857980513,0.008982160580789027,0.0013500251694474124,-0.0022980089284077576,0.00021017379245494435,0.22509576739308682,0.010387719052689023,0.10019267822736029,0.005780346820809246,0.07125796178343949,0.0024860660821649657,0.8998073217726397,0.005780346820809273,0.21313097987462884,0.002060375453117255
P6_clean,feature_missing__Arr_Hour,observed,251970.0,0.0,0.17653292058578404,0.0,0.5761056820649663,0.001054674979567354,0.44749421248534155,0.0003148219290865735,0.6435016084801531,0.0013720221873413396,0.13988990613941918,9.962436512572297e-05,0.004671610178126914,0.0009084273158283258,-0.0021880862018008687,0.00024359223795499533,0.29227752831942744,0.002460537930710168,0.33900616742729106,0.009537283922555644,0.17601415014771868,0.006546452936380295,0.6609938325727089,0.009537283922555666,0.26162902991096826,0.003782332329654527
P6_clean,feature_missing__Dep_Hour,missing,3031.0,0.0,0.17123061695809963,0.0,0.508515716511042,0.003874805157158843,0.45444104706612687,0.0008390291720913305,0.5760432135128392,0.008470671918362696,0.14106537156672064,0.00020111091857980513,0.008982160580789027,0.0013500251694474124,-0.0022980089284077576,0.00021017379245494435,0.22509576739308682,0.010387719052689023,0.10019267822736029,0.005780346820809246,0.07125796178343949,0.0024860660821649657,0.8998073217726397,0.005780346820809273,0.21313097987462884,0.002060375453117255
P6_clean,feature_missing__Dep_Hour,observed,251970.0,0.0,0.17653292058578404,0.0,0.5761056820649663,0.001054674979567354,0.44749421248534155,0.0003148219290865735,0.6435016084801531,0.0013720221873413396,0.13988990613941918,9.962436512572297e-05,0.004671610178126914,0.0009084273158283258,-0.0021880862018008687,0.00024359223795499533,0.29227752831942744,0.002460537930710168,0.33900616742729106,0.009537283922555644,0.17601415014771868,0.006546452936380295,0.6609938325727089,0.009537283922555666,0.26162902991096826,0.003782332329654527
P6_clean,overall,all,255001.0,0.0,0.17646989619648554,0.0,0.5756847605700698,0.0010749176024492954,0.4475767841443325,0.0003045922518500381,0.6428037457317223,0.0013259179039457436,0.13990387798937332,9.690689802487389e-05,0.004588385887189622,0.0008480738834729213,-0.002189392768380418,0.00023926541069434768,0.2919772620372345,0.002461075177056199,0.33625185185185186,0.009403606697966544,0.17476107256632112,0.006440467966749287,0.6637481481481481,0.009403606697966516,0.2610525710356691,0.003723564542996705
P6_clean,raw_missing__Airline,missing,27540.0,0.0,0.1755628177196805,0.0,0.575813295239701,0.0034744977334346125,0.446221797609417,0.0009068408460642151,0.6417860193096094,0.004095989852127547,0.139280801956429,0.0002880027953821037,0.005411425710354092,0.00012981869146042125,-0.0037742452131488227,1.1475561874491257e-05,0.2966277463680587,0.005715844659523815,0.31368493622888655,0.010558895719815817,0.1584232547896939,0.0059121281124628776,0.6863150637711133,0.010558895719815792,0.2511014282256112,0.0038016117080158333
P6_clean,raw_missing__Airline,observed,227461.0,0.0,0.17657972135882635,0.0,0.5756383269491808,0.000814125885937195,0.4477408400887431,0.00023826622244215974,0.6429258541876214,0.001012718953638356,0.1399793173567694,7.488159149831955e-05,0.004630729197058316,0.0009285951875716536,-0.001997505647823805,0.0002692815912781839,0.2914695956129383,0.0022966906285361672,0.338968421926221,0.009313630958505778,0.17674162822484196,0.006532957176334344,0.661031578073779,0.009313630958505745,0.26225741262604724,0.0037787722620763508
P6_clean,raw_missing__Cancelled,missing,0.0,0.0,,,,,,,,,,,,,,,,,,,,,,,,
P6_clean,raw_missing__Cancelled,observed,255001.0,0.0,0.17646989619648554,0.0,0.5756847605700698,0.0010749176024492954,0.4475767841443325,0.0003045922518500381,0.6428037457317223,0.0013259179039457436,0.13990387798937332,9.690689802487389e-05,0.004588385887189622,0.0008480738834729213,-0.002189392768380418,0.00023926541069434768,0.2919772620372345,0.002461075177056199,0.33625185185185186,0.009403606697966544,0.17476107256632112,0.006440467966749287,0.6637481481481481,0.009403606697966516,0.2610525710356691,0.003723564542996705
P6_clean,raw_missing__Carrier_Code(IATA),missing,27888.0,0.0,0.18151176133103844,0.0,0.575762374511684,0.0017308872047567168,0.4553555145287942,0.0005351892685701329,0.6419284426947955,0.0020327680769621393,0.1431093541022388,0.00016471425369415918,0.009662449565817513,0.0005053592067799053,-0.008025178172734479,0.0003847390400514023,0.29926221093459476,0.003608335400883035,0.32813117344922954,0.008278280063120081,0.17043430006717486,0.006184670584186799,0.6718688265507704,0.0082782800631201,0.2614505641614075,0.0037678481423017796
P6_clean,raw_missing__Carrier_Code(IATA),observed,227113.0,0.0,0.17585078793375986,0.0,0.5756751641662894,0.0009952782896338161,0.44662160662053657,0.00028384052964868596,0.6429315784285553,0.0012429909740348175,0.13951026636064404,9.430160298847609e-05,0.004426035366020279,0.0012735692025683182,-0.0014727962575834714,0.0002220624214078164,0.29110372409691165,0.002335806143987023,0.3372811190678886,0.009547385101815993,0.17528872267485865,0.006481040509690173,0.6627188809321115,0.00954738510181598,0.2610037000670738,0.003729590849555436
P6_clean,raw_missing__Carrier_ID(DOT),missing,27770.0,0.0,0.1765214259992798,0.0,0.575294987793273,0.0017383377285931515,0.4478093009302309,0.0008628096075664968,0.6425426954989119,0.0026272116597409008,0.13997298893403906,0.0002971265569305184,0.004027695237111877,0.0002836529258461773,-0.00236795824342223,0.00016521241874926793,0.29147433585387306,0.004195644542678838,0.3354413164694683,0.005860590623259965,0.17485860882747362,0.006325540364677311,0.6645586835305318,0.005860590623259959,0.2613011643260113,0.004232729563194004
P6_clean,raw_missing__Carrier_ID(DOT),observed,227231.0,0.0,0.17646359871672437,0.0,0.5757320102646969,0.0013061257083917886,0.4475483681661235,0.0003796932335428486,0.6428343684252752,0.0016286225784050584,0.13989543191056641,0.00011632905479456388,0.0047366258730360865,0.0008931401572750375,-0.0021675702034931,0.0002525999985429326,0.29203751949803863,0.0024992900280533356,0.33635094019651857,0.009934982813311042,0.1747491534541387,0.006455523761088409,0.6636490598034815,0.009934982813311071,0.26102219034081325,0.0036775652419414983
P6_clean,raw_missing__Day_of_Month,missing,0.0,0.0,,,,,,,,,,,,,,,,,,,,,,,,
P6_clean,raw_missing__Day_of_Month,observed,255001.0,0.0,0.17646989619648554,0.0,0.5756847605700698,0.0010749176024492954,0.4475767841443325,0.0003045922518500381,0.6428037457317223,0.0013259179039457436,0.13990387798937332,9.690689802487389e-05,0.004588385887189622,0.0008480738834729213,-0.002189392768380418,0.00023926541069434768,0.2919772620372345,0.002461075177056199,0.33625185185185186,0.009403606697966544,0.17476107256632112,0.006440467966749287,0.6637481481481481,0.009403606697966516,0.2610525710356691,0.003723564542996705
P6_clean,raw_missing__Destination_Airport,missing,0.0,0.0,,,,,,,,,,,,,,,,,,,,,,,,
P6_clean,raw_missing__Destination_Airport,observed,255001.0,0.0,0.17646989619648554,0.0,0.5756847605700698,0.0010749176024492954,0.4475767841443325,0.0003045922518500381,0.6428037457317223,0.0013259179039457436,0.13990387798937332,9.690689802487389e-05,0.004588385887189622,0.0008480738834729213,-0.002189392768380418,0.00023926541069434768,0.2919772620372345,0.002461075177056199,0.33625185185185186,0.009403606697966544,0.17476107256632112,0.006440467966749287,0.6637481481481481,0.009403606697966516,0.2610525710356691,0.003723564542996705
P6_clean,raw_missing__Destination_Airport_ID,missing,0.0,0.0,,,,,,,,,,,,,,,,,,,,,,,,
P6_clean,raw_missing__Destination_Airport_ID,observed,255001.0,0.0,0.17646989619648554,0.0,0.5756847605700698,0.0010749176024492954,0.4475767841443325,0.0003045922518500381,0.6428037457317223,0.0013259179039457436,0.13990387798937332,9.690689802487389e-05,0.004588385887189622,0.0008480738834729213,-0.002189392768380418,0.00023926541069434768,0.2919772620372345,0.002461075177056199,0.33625185185185186,0.009403606697966544,0.17476107256632112,0.006440467966749287,0.6637481481481481,0.009403606697966516,0.2610525710356691,0.003723564542996705
P6_clean,raw_missing__Destination_State,missing,27678.0,0.0,0.1753016836476624,0.0,0.5776153640587808,0.004524901266149706,0.4447854595699707,0.0007830832120802892,0.647030586026305,0.003104031647979523,0.13886156858535095,0.0002538754320009844,0.0056374278455542355,0.0016082508029696548,-0.0009902072973722216,0.00029952496916685854,0.2934928262280357,0.008452298129169722,0.34095905468535315,0.007514431939475313,0.17462542714448437,0.008778023437236852,0.6590409453146469,0.007514431939475318,0.2595442830647687,0.006559553347687812
P6_clean,raw_missing__Destination_State,observed,227323.0,0.0,0.17661213339609275,0.0,0.5754503649371036,0.0009580128384455515,0.44791664540592585,0.0002464011860316509,0.6422921813660588,0.0011111014166384724,0.14003078569200142,7.780996849343145e-05,0.004600082344070105,0.0006806506235143132,-0.002335401115386928,0.00023210493185721952,0.2917941874877931,0.0017699598771691203,0.3356829729999004,0.009878306543114937,0.17477761453185522,0.006156117192094408,0.6643170270000996,0.009878306543114942,0.2612362145493417,0.003378395406783698
P6_clean,raw_missing__Distance,missing,0.0,0.0,,,,,,,,,,,,,,,,,,,,,,,,
P6_clean,raw_missing__Distance,observed,255001.0,0.0,0.17646989619648554,0.0,0.5756847605700698,0.0010749176024492954,0.4475767841443325,0.0003045922518500381,0.6428037457317223,0.0013259179039457436,0.13990387798937332,9.690689802487389e-05,0.004588385887189622,0.0008480738834729213,-0.002189392768380418,0.00023926541069434768,0.2919772620372345,0.002461075177056199,0.33625185185185186,0.009403606697966544,0.17476107256632112,0.006440467966749287,0.6637481481481481,0.009403606697966516,0.2610525710356691,0.003723564542996705
P6_clean,raw_missing__Diverted,missing,0.0,0.0,,,,,,,,,,,,,,,,,,,,,,,,
P6_clean,raw_missing__Diverted,observed,255001.0,0.0,0.17646989619648554,0.0,0.5756847605700698,0.0010749176024492954,0.4475767841443325,0.0003045922518500381,0.6428037457317223,0.0013259179039457436,0.13990387798937332,9.690689802487389e-05,0.004588385887189622,0.0008480738834729213,-0.002189392768380418,0.00023926541069434768,0.2919772620372345,0.002461075177056199,0.33625185185185186,0.009403606697966544,0.17476107256632112,0.006440467966749287,0.6637481481481481,0.009403606697966516,0.2610525710356691,0.003723564542996705
P6_clean,raw_missing__Estimated_Arrival_Time,missing,27684.0,0.0,0.17688917786447045,0.0,0.5768127937097568,0.0020423717499809444,0.4486139468366043,0.00021769163460597554,0.6400739763939303,0.0006921407175442823,0.1402288889158208,8.274685315824014e-05,0.005382112096933975,0.0012072627935147294,-0.002549271031716621,0.00032023308121842284,0.2976036651140478,0.003333519092063501,0.32305493159076987,0.010105650832475912,0.16387999005280787,0.00597256239482236,0.6769450684092302,0.010105650832475905,0.25463564995424554,0.003400135227421679
P6_clean,raw_missing__Estimated_Arrival_Time,observed,227317.0,0.0,0.17641883361121255,0.0,0.5755398990467804,0.0009882834035870192,0.44745047237718416,0.00033395391649356274,0.64312700704965,0.0014086638507119042,0.13986429624895017,0.00010543349489464934,0.0045292566247915585,0.0008264978914616503,-0.002145564678786562,0.0002297165625462574,0.2913350076520149,0.0024489658068589173,0.3378633352450773,0.009318259403511943,0.17608547793790352,0.006516585502392632,0.6621366647549228,0.00931825940351193,0.2618340613915076,0.003788661759333356
P6_clean,raw_missing__Estimated_Departure_Time,missing,27841.0,0.0,0.1763945260586904,0.0,0.5716986182781391,0.0009345721666171406,0.4493277686695422,0.00041361182495495334,0.6364040200493927,0.00246249172027626,0.1405431160001974,0.00014297316757925837,0.007871675854425579,0.0016678697142545017,-0.002774150700678444,0.00015776812043657255,0.28998851649235236,0.0028605183189039816,0.31059526233625195,0.007794679818071297,0.16291612152929205,0.006059940208488069,0.6894047376637481,0.007794679818071294,0.2557858314476252,0.0036700531356565614
P6_clean,raw_missing__Estimated_Departure_Time,observed,227160.0,0.0,0.17647913365029055,0.0,0.5761375466795831,0.0010850296811016375,0.4473621813966377,0.0002952192092370561,0.6435810244134839,0.001200708735749138,0.1398255322178495,9.432252430712969e-05,0.00438892443122568,0.0008588128474933323,-0.0021177241401311164,0.00025373153704921406,0.29220224592534244,0.0024163043006585516,0.33939484646661183,0.009642879799794184,0.17621295301427442,0.0065163111973356854,0.6606051535333882,0.009642879799794148,0.26169806890884545,0.0037447688995633235
P6_clean,raw_missing__Month,missing,0.0,0.0,,,,,,,,,,,,,,,,,,,,,,,,
P6_clean,raw_missing__Month,observed,255001.0,0.0,0.17646989619648554,0.0,0.5756847605700698,0.0010749176024492954,0.4475767841443325,0.0003045922518500381,0.6428037457317223,0.0013259179039457436,0.13990387798937332,9.690689802487389e-05,0.004588385887189622,0.0008480738834729213,-0.002189392768380418,0.00023926541069434768,0.2919772620372345,0.002461075177056199,0.33625185185185186,0.009403606697966544,0.17476107256632112,0.006440467966749287,0.6637481481481481,0.009403606697966516,0.2610525710356691,0.003723564542996705
P6_clean,raw_missing__Origin_Airport,missing,0.0,0.0,,,,,,,,,,,,,,,,,,,,,,,,
P6_clean,raw_missing__Origin_Airport,observed,255001.0,0.0,0.17646989619648554,0.0,0.5756847605700698,0.0010749176024492954,0.4475767841443325,0.0003045922518500381,0.6428037457317223,0.0013259179039457436,0.13990387798937332,9.690689802487389e-05,0.004588385887189622,0.0008480738834729213,-0.002189392768380418,0.00023926541069434768,0.2919772620372345,0.002461075177056199,0.33625185185185186,0.009403606697966544,0.17476107256632112,0.006440467966749287,0.6637481481481481,0.009403606697966516,0.2610525710356691,0.003723564542996705
P6_clean,raw_missing__Origin_Airport_ID,missing,0.0,0.0,,,,,,,,,,,,,,,,,,,,,,,,
P6_clean,raw_missing__Origin_Airport_ID,observed,255001.0,0.0,0.17646989619648554,0.0,0.5756847605700698,0.0010749176024492954,0.4475767841443325,0.0003045922518500381,0.6428037457317223,0.0013259179039457436,0.13990387798937332,9.690689802487389e-05,0.004588385887189622,0.0008480738834729213,-0.002189392768380418,0.00023926541069434768,0.2919772620372345,0.002461075177056199,0.33625185185185186,0.009403606697966544,0.17476107256632112,0.006440467966749287,0.6637481481481481,0.009403606697966516,0.2610525710356691,0.003723564542996705
P6_clean,raw_missing__Origin_State,missing,27856.0,0.0,0.17601234922458361,0.0,0.5792522392482526,0.0017541408170658824,0.4456985173916736,0.00021804243603077678,0.6483941961616907,0.0015209091248016302,0.13930219921478582,7.168615050960126e-05,0.0073191994826814774,0.0009547948924090396,-0.0015619144338948343,0.00017919055924918624,0.29673260025751347,0.003961937632082583,0.34332721463049837,0.008262976193752627,0.1738770531085261,0.006786855276936757,0.6566727853695017,0.008262976193752688,0.2588550641393835,0.004292034447145
P6_clean,raw_missing__Origin_State,observed,227145.0,0.0,0.17652600761628034,0.0,0.5752472882589243,0.0010232945520145952,0.44780712599056316,0.0003278426782190784,0.6421217911682571,0.001338628834347873,0.1399776650590641,0.00010590462611307307,0.0044573895770412654,0.0007777721025977902,-0.002266343775382216,0.00024684867127582847,0.291392700298224,0.0022791020689524612,0.3353866872833379,0.009549883108635034,0.17486955220050468,0.006398504517272067,0.664613312716662,0.009549883108635061,0.2613220629994057,0.0036546979798612335
P6_clean,raw_missing__Tail_Number,missing,0.0,0.0,,,,,,,,,,,,,,,,,,,,,,,,
P6_clean,raw_missing__Tail_Number,observed,255001.0,0.0,0.17646989619648554,0.0,0.5756847605700698,0.0010749176024492954,0.4475767841443325,0.0003045922518500381,0.6428037457317223,0.0013259179039457436,0.13990387798937332,9.690689802487389e-05,0.004588385887189622,0.0008480738834729213,-0.002189392768380418,0.00023926541069434768,0.2919772620372345,0.002461075177056199,0.33625185185185186,0.009403606697966544,0.17476107256632112,0.006440467966749287,0.6637481481481481,0.009403606697966516,0.2610525710356691,0.003723564542996705
P6_clean,raw_missing_count,0,113787.0,0.0,0.17523091390053344,0.0,0.5756741322974068,0.0008014972362469687,0.4457659289784712,0.0002975739745154102,0.6427587308219572,0.001056027343825436,0.1391501650876572,9.995835740457534e-05,0.004505796399824674,0.0008648367395465274,-0.000663294200422058,0.0002593806005370566,0.28965719287541464,0.0024045531007097116,0.3414748315696207,0.009413049593345959,0.17796152643991703,0.006744977335257468,0.6585251684303793,0.00941304959334598,0.2621711326132745,0.003951888926842758
P6_clean,raw_missing_count,1,97322.0,0.0,0.17865436386428557,0.0,0.5753150125375026,0.0015811005857856895,0.450746921117271,0.00024878878899637437,0.6428437288307044,0.001315532957473977,0.1412065640270088,5.8033813523730496e-05,0.005533561635428583,0.0004759549007377886,-0.004086794854908389,0.00025299868255368744,0.2932062228248414,0.0011719037378912084,0.337991986349955,0.011440032861431724,0.17721482037488792,0.005730970855355067,0.6620080136500451,0.011440032861431727,0.2638252399251968,0.0027113015127268004
P6_clean,raw_missing_count,2,35730.0,0.0,0.1743073047858942,0.0,0.5753981880835726,0.0029422962529030293,0.4442364781243002,0.0006979460765315729,0.6441287981288649,0.0032583619271570404,0.13859858194233776,0.00022283206243012556,0.0054163597595422,0.0005910886220821092,-0.0014530217469770994,0.0002333046312764784,0.2926502364774602,0.006418230416131222,0.32070220509526864,0.006585783066727065,0.1637516100603349,0.00755668127216181,0.6792977949047314,0.0065857830667270315,0.25361507603321204,0.005342740898861722
P6_clean,raw_missing_count,3,7245.0,0.0,0.17598343685300208,0.0,0.5807011362566281,0.005516334448233035,0.44753018246085635,0.0012047823861357626,0.6388258503848218,0.0036432366457300135,0.13977259557373725,0.00036990905003242674,0.0067227757458510895,0.0004587758752438189,-0.002765420894196874,0.00014812307650013072,0.3070165885401445,0.011077156107445503,0.31529411764705884,0.004366874010062741,0.15214963707426019,0.007357483600236343,0.6847058823529412,0.004366874010062689,0.24587071543593284,0.006262092288390247
P6_clean,raw_missing_count,4,848.0,0.0,0.18985849056603774,0.0,0.575900130383986,0.015242757893624772,0.471502127432305,0.0018377639577267036,0.6263060505513515,0.009382463592729746,0.14920668556060443,0.0004815743267023606,0.024033309691166235,0.0028847497309779737,-0.017102202595267207,0.0007885927084197911,0.33208142493638676,0.034162008003396915,0.2712215320910973,0.01292960248115608,0.12857836001940806,0.013834621474413632,0.7287784679089028,0.01292960248115612,0.24253144654088052,0.013565592709699223
P6_clean,raw_missing_count,5,66.0,0.0,0.15151515151515152,0.0,0.6123380522767284,0.05038565356994822,0.4106944062635756,0.0025677721002387364,0.6398809523809523,0.0213042025811587,0.12423509734760689,0.001083420501964613,0.06492763841330093,0.005570890948682736,0.011306359118986744,0.0021605832205921,0.36838624338624343,0.07957149084335956,0.3,0.09999999999999998,0.08928571428571429,0.0,0.7000000000000001,0.10000000000000007,0.1818181818181818,0.015151515151515142
P6_clean,raw_missing_count,6,3.0,0.0,0.0,0.0,0.4666666666666666,0.05773502691896256,0.2342485848134345,0.04820140158948694,,,0.045719530199309466,0.01852862243268314,0.20678340664334327,0.0354450547259875,0.20678340664334327,0.035445054725987496,0.0,,,,0.1111111111111111,0.19245008972987526,,,0.1111111111111111,0.19245008972987526
P6_clean,raw_time_pattern,arrival_missing,24653.0,0.0,0.17758487810814097,0.0,0.5812884025316052,0.0018745218132951397,0.44789752527348087,0.00021071903686795278,0.646940999133094,0.001032248200860154,0.14012604630377046,8.371236161406737e-05,0.00660770786687867,0.0017297018744082539,-0.002580162827243687,0.00037243895192764115,0.30090371992290166,0.0031274101335621884,0.34947464595705807,0.011577273547258259,0.17535552815454172,0.006969984207485852,0.650525354042942,0.011577273547258288,0.25973850376559987,0.003890949608360525
P6_clean,raw_time_pattern,both_missing,3031.0,0.0,0.17123061695809963,0.0,0.508515716511042,0.003874805157158843,0.45444104706612687,0.0008390291720913305,0.5760432135128392,0.008470671918362696,0.14106537156672064,0.00020111091857980513,0.008982160580789027,0.0013500251694474124,-0.0022980089284077576,0.00021017379245494435,0.22509576739308682,0.010387719052689023,0.10019267822736029,0.005780346820809246,0.07125796178343949,0.0024860660821649657,0.8998073217726397,0.005780346820809273,0.21313097987462884,0.002060375453117255
P6_clean,raw_time_pattern,both_observed,202507.0,0.0,0.17634452142395077,0.0,0.5755066009026044,0.0010120985099622965,0.4472970091675501,0.00031515836460404504,0.6431701655559642,0.001221239189193342,0.1397889479330583,0.00010095942657957592,0.004245456585245013,0.000715384072001334,-0.002061427316053993,0.00023928208437455647,0.2911363653376487,0.002397984248247742,0.3381591106381787,0.00941490589932348,0.1763171778699729,0.006484995994356157,0.6618408893618213,0.009414905899323497,0.26193662441298327,0.003751123945074435
P6_clean,raw_time_pattern,departure_missing,24810.0,0.0,0.17702539298669892,0.0,0.5758082868203628,0.0008142802305276612,0.44870308721770624,0.0005064080086141586,0.6428177353184861,0.002998827008647567,0.14047931283122791,0.00016552236032712098,0.008680948738488422,0.0018293722332995692,-0.0028323202174762308,0.00020175542445633726,0.2929755267767365,0.002880593363485673,0.335458409228901,0.009142502439482714,0.1741927057824795,0.007052827385405535,0.664541590771099,0.009142502439482657,0.2609969098481795,0.004212413044203832
P6_fixed,feature_missing__Airline,missing,3036.0,0.0,0.18939393939393936,0.0,0.5752667607276307,0.010357390038812787,0.4672921868035626,0.0023204164870410673,0.6388085437167641,0.008342245259307747,0.14800618111264807,0.0007422436072669792,0.013040136841762667,0.0011252901336312234,-0.005481800034294558,0.00204897660168812,0.29500078536232494,0.014871211710313354,0.40927536231884054,0.01118104436057155,0.2289042394690505,0.013817513859189104,0.5907246376811593,0.011181044360571572,0.2974308300395257,0.01175201763828149
P6_fixed,feature_missing__Airline,observed,251965.0,0.0,0.17631417061893517,0.0,0.5760358888933362,0.0014822638532301859,0.4473592137616909,0.00041054581791272914,0.6427901623518543,0.0014739020472385035,0.13982019913923938,0.00014273243702947163,0.005039525815292621,0.0006178913313832829,-0.002047780432499202,0.0001910544055549793,0.2909712718611283,0.002347576897910492,0.3435603076345901,0.002117641198449717,0.17920561498185092,0.0012400703655927967,0.6564396923654098,0.0021176411984497436,0.2633487455268258,0.0012563091774649726
P6_fixed,feature_missing__Arr_Hour,missing,3031.0,0.0,0.17123061695809963,0.0,0.5068980417569794,0.003477298778264781,0.45511268350011674,0.0010775158170799569,0.5702410063039735,0.00778188092604896,0.14124908996660304,0.0002941772152336474,0.01342584013114669,0.0011079322820618121,-0.005428372536845037,0.0007830369495656574,0.2296744242868487,0.013560048493884657,0.09312780989081566,0.0029432085388284134,0.06462314225053079,0.0028798479849005683,0.9068721901091843,0.002943208538828371,0.20884196634774002,0.0028762117740288294
P6_fixed,feature_missing__Arr_Hour,observed,251970.0,0.0,0.17653292058578404,0.0,0.5764537537610984,0.001538961298408645,0.4475061191050967,0.00042753519981788765,0.6435074040509045,0.0015513330518738286,0.13990164404606772,0.00014633560420821172,0.00520492113395721,0.0007780494936518916,-0.0020484912664983923,0.00020891763348961868,0.29127167017190647,0.002423478015900685,0.34733181957839676,0.002217859065349444,0.18118229560763863,0.001323094105329556,0.6526681804216032,0.0022178590653493995,0.26441507586882035,0.0013215580938971802
P6_fixed,feature_missing__Dep_Hour,missing,3031.0,0.0,0.17123061695809963,0.0,0.5068980417569794,0.003477298778264781,0.45511268350011674,0.0010775158170799569,0.5702410063039735,0.00778188092604896,0.14124908996660304,0.0002941772152336474,0.01342584013114669,0.0011079322820618121,-0.005428372536845037,0.0007830369495656574,0.2296744242868487,0.013560048493884657,0.09312780989081566,0.0029432085388284134,0.06462314225053079,0.0028798479849005683,0.9068721901091843,0.002943208538828371,0.20884196634774002,0.0028762117740288294
P6_fixed,feature_missing__Dep_Hour,observed,251970.0,0.0,0.17653292058578404,0.0,0.5764537537610984,0.001538961298408645,0.4475061191050967,0.00042753519981788765,0.6435074040509045,0.0015513330518738286,0.13990164404606772,0.00014633560420821172,0.00520492113395721,0.0007780494936518916,-0.0020484912664983923,0.00020891763348961868,0.29127167017190647,0.002423478015900685,0.34733181957839676,0.002217859065349444,0.18118229560763863,0.001323094105329556,0.6526681804216032,0.0022178590653493995,0.26441507586882035,0.0013215580938971802
P6_fixed,overall,all,255001.0,0.0,0.17646989619648554,0.0,0.5760619473941054,0.0014910716751659794,0.44759653246301023,0.0004201862356993305,0.6427575399200038,0.001521695799563974,0.13991766009535828,0.00014405368510820432,0.005068024220464954,0.0006394835541512666,-0.002088665305543025,0.00021317169027050662,0.2910266868156773,0.0023570123032458736,0.3444,0.002176076432935049,0.17978803275539956,0.0012741245850372463,0.6556000000000001,0.002176076432935087,0.26375452122409976,0.0012716862150534691
P6_fixed,raw_missing__Airline,missing,27540.0,0.0,0.1755628177196805,0.0,0.5761891894862186,0.0008540130832419264,0.44559602535944115,0.0008325145771070544,0.6430699571964531,0.0027159677143555375,0.13907699329953183,0.00027784405084526665,0.0048605438385722404,0.002154936079272066,-0.0006140488691664022,0.0005170317333856758,0.28882854302158595,0.0014806919291314672,0.3531196139262323,0.0003159307614585485,0.18515745430521913,0.0012975925886506202,0.6468803860737676,0.00031593076145848033,0.2662188332122973,0.001079801836344256
P6_fixed,raw_missing__Airline,observed,227461.0,0.0,0.17657972135882635,0.0,0.5760441554184159,0.0016018226053091836,0.44783874526270906,0.0003763670411796241,0.64273065358025,0.0014039469691808542,0.1400194444168774,0.0001296764343415476,0.005181055641420709,0.0004653876822483561,-0.0022672055241203435,0.0001768609292131429,0.29130117652989623,0.0025183338954593423,0.3433503464874061,0.0024000186630006234,0.179137123412495,0.0012820650817256917,0.6566496535125939,0.0024000186630006286,0.26345615292291863,0.0013177051979660866
P6_fixed,raw_missing__Cancelled,missing,0.0,0.0,,,,,,,,,,,,,,,,,,,,,,,,
P6_fixed,raw_missing__Cancelled,observed,255001.0,0.0,0.17646989619648554,0.0,0.5760619473941054,0.0014910716751659794,0.44759653246301023,0.0004201862356993305,0.6427575399200038,0.001521695799563974,0.13991766009535828,0.00014405368510820432,0.005068024220464954,0.0006394835541512666,-0.002088665305543025,0.00021317169027050662,0.2910266868156773,0.0023570123032458736,0.3444,0.002176076432935049,0.17978803275539956,0.0012741245850372463,0.6556000000000001,0.002176076432935087,0.26375452122409976,0.0012716862150534691
P6_fixed,raw_missing__Carrier_Code(IATA),missing,27888.0,0.0,0.18151176133103844,0.0,0.5775274613995173,0.0023720140928259535,0.4550396270412586,0.0005889739467610629,0.6424810171565857,0.002585986864792925,0.14297863575685238,0.0001383399675107234,0.008121375201988197,0.0009168298887072576,-0.006408528135395303,0.00038302188786552333,0.29791749109104276,0.003930088043719469,0.349861714737258,0.0031047478556898113,0.18286164899675808,0.0027320532423847957,0.650138285262742,0.003104747855689785,0.2676778542742398,0.0024030021411025142
P6_fixed,raw_missing__Carrier_Code(IATA),observed,227113.0,0.0,0.17585078793375986,0.0,0.5758701968674013,0.0014589255241451878,0.44668256883433993,0.0003999624871270279,0.6427816354742576,0.0013883466448377547,0.13954179218269916,0.00014504226072091717,0.005080601048551781,0.0008708021131921248,-0.0015582142322935106,0.00019244241450978075,0.29016232678442905,0.002301108222051926,0.34370774700786216,0.002093100760579561,0.17941320511108141,0.0011895802352297484,0.6562922529921378,0.002093100760579512,0.2632727614300664,0.0012218831837012552
P6_fixed,raw_missing__Carrier_ID(DOT),missing,27770.0,0.0,0.1765214259992798,0.0,0.5761775264151026,0.0037520984841567127,0.4479289102149891,0.0009495373441925976,0.6420018295267317,0.0034267924284685923,0.13998949174818295,0.00032615332643872027,0.005346802938112723,0.0009432577031028652,-0.0022569436797573636,0.00025635469909694573,0.29147451611399955,0.005665848648337651,0.3433972528219775,0.006341473375239625,0.1789400034983383,0.0017907639696906736,0.6566027471780226,0.006341473375239604,0.26325771215940463,0.002495198204505037
P6_fixed,raw_missing__Carrier_ID(DOT),observed,227231.0,0.0,0.17646359871672437,0.0,0.5760478882476043,0.0012987228039743365,0.4475559124324138,0.0004012911410431064,0.6428488560016482,0.0014985635479566781,0.13990888151761605,0.00013352356676641928,0.005075575580046079,0.0006653769331053406,-0.0020680999317519064,0.00020836273088487096,0.29097260416360626,0.002101241528356896,0.34452258633015775,0.001686713002418865,0.1798916635049225,0.0012741594126773207,0.6554774136698422,0.0016867130024188716,0.2638152364774173,0.0012082041440322116
P6_fixed,raw_missing__Day_of_Month,missing,0.0,0.0,,,,,,,,,,,,,,,,,,,,,,,,
P6_fixed,raw_missing__Day_of_Month,observed,255001.0,0.0,0.17646989619648554,0.0,0.5760619473941054,0.0014910716751659794,0.44759653246301023,0.0004201862356993305,0.6427575399200038,0.001521695799563974,0.13991766009535828,0.00014405368510820432,0.005068024220464954,0.0006394835541512666,-0.002088665305543025,0.00021317169027050662,0.2910266868156773,0.0023570123032458736,0.3444,0.002176076432935049,0.17978803275539956,0.0012741245850372463,0.6556000000000001,0.002176076432935087,0.26375452122409976,0.0012716862150534691
P6_fixed,raw_missing__Destination_Airport,missing,0.0,0.0,,,,,,,,,,,,,,,,,,,,,,,,
P6_fixed,raw_missing__Destination_Airport,observed,255001.0,0.0,0.17646989619648554,0.0,0.5760619473941054,0.0014910716751659794,0.44759653246301023,0.0004201862356993305,0.6427575399200038,0.001521695799563974,0.13991766009535828,0.00014405368510820432,0.005068024220464954,0.0006394835541512666,-0.002088665305543025,0.00021317169027050662,0.2910266868156773,0.0023570123032458736,0.3444,0.002176076432935049,0.17978803275539956,0.0012741245850372463,0.6556000000000001,0.002176076432935087,0.26375452122409976,0.0012716862150534691
P6_fixed,raw_missing__Destination_Airport_ID,missing,0.0,0.0,,,,,,,,,,,,,,,,,,,,,,,,
P6_fixed,raw_missing__Destination_Airport_ID,observed,255001.0,0.0,0.17646989619648554,0.0,0.5760619473941054,0.0014910716751659794,0.44759653246301023,0.0004201862356993305,0.6427575399200038,0.001521695799563974,0.13991766009535828,0.00014405368510820432,0.005068024220464954,0.0006394835541512666,-0.002088665305543025,0.00021317169027050662,0.2910266868156773,0.0023570123032458736,0.3444,0.002176076432935049,0.17978803275539956,0.0012741245850372463,0.6556000000000001,0.002176076432935087,0.26375452122409976,0.0012716862150534691
P6_fixed,raw_missing__Destination_State,missing,27678.0,0.0,0.1753016836476624,0.0,0.5769902667076866,0.003568854684247014,0.44481113834698177,0.000661609475929249,0.6468809375283442,0.002763836663254503,0.1388658447349689,0.00021790302296072198,0.006622552832043563,0.0007255658359257161,-0.0007961449300794843,0.00020540827044190338,0.2906913890998491,0.005346288461859629,0.34885957680681506,0.005981652803253696,0.18094862583603497,0.0016684150599710257,0.6511404231931849,0.005981652803253739,0.26337403955006383,0.0023849302781003517
P6_fixed,raw_missing__Destination_State,observed,227323.0,0.0,0.17661213339609275,0.0,0.5759487615444624,0.0012431125794511843,0.44793567165413223,0.00040611728817862577,0.642256655893873,0.00144366490133614,0.14004572520775277,0.0001388698516943857,0.005005666436388868,0.00046697751237296067,-0.0022460377621447794,0.0002146867689459633,0.29106772775983386,0.002006820531740327,0.3438610474577397,0.0017510643284034877,0.17964649837496105,0.0012512319769628019,0.6561389525422604,0.0017510643284035035,0.26380084725258773,0.0011584484763103805
P6_fixed,raw_missing__Distance,missing,0.0,0.0,,,,,,,,,,,,,,,,,,,,,,,,
P6_fixed,raw_missing__Distance,observed,255001.0,0.0,0.17646989619648554,0.0,0.5760619473941054,0.0014910716751659794,0.44759653246301023,0.0004201862356993305,0.6427575399200038,0.001521695799563974,0.13991766009535828,0.00014405368510820432,0.005068024220464954,0.0006394835541512666,-0.002088665305543025,0.00021317169027050662,0.2910266868156773,0.0023570123032458736,0.3444,0.002176076432935049,0.17978803275539956,0.0012741245850372463,0.6556000000000001,0.002176076432935087,0.26375452122409976,0.0012716862150534691
P6_fixed,raw_missing__Diverted,missing,0.0,0.0,,,,,,,,,,,,,,,,,,,,,,,,
P6_fixed,raw_missing__Diverted,observed,255001.0,0.0,0.17646989619648554,0.0,0.5760619473941054,0.0014910716751659794,0.44759653246301023,0.0004201862356993305,0.6427575399200038,0.001521695799563974,0.13991766009535828,0.00014405368510820432,0.005068024220464954,0.0006394835541512666,-0.002088665305543025,0.00021317169027050662,0.2910266868156773,0.0023570123032458736,0.3444,0.002176076432935049,0.17978803275539956,0.0012741245850372463,0.6556000000000001,0.002176076432935087,0.26375452122409976,0.0012716862150534691
P6_fixed,raw_missing__Estimated_Arrival_Time,missing,27684.0,0.0,0.17688917786447045,0.0,0.5762223294729033,0.0013099911598415863,0.44898266945963033,0.0005140284223704034,0.6384986523200026,0.0015570278849566914,0.14033343986325728,0.00018111594173620316,0.00488426895125134,0.00041489505414076265,-0.002608789408291281,0.0001981170877799427,0.29488754990094895,0.001334326040147678,0.3291811313048805,0.00589022058478902,0.1691461505829347,0.0022855165912238273,0.6708188686951194,0.005890220584788989,0.2578866252468333,0.000936620116413544
P6_fixed,raw_missing__Estimated_Arrival_Time,observed,227317.0,0.0,0.17641883361121255,0.0,0.5760307026560904,0.0017070690773627415,0.44742772055446656,0.00042296180168052954,0.643263929619943,0.0015844788013611036,0.1398670239920553,0.00014254543383161606,0.005121488842498586,0.0006529543093334466,-0.002025321536003192,0.0002508807524534745,0.29058275784959403,0.002632265437528562,0.34625838465950176,0.0025852775160527235,0.1810833235406184,0.0011534672038427077,0.6537416153404982,0.0025852775160527465,0.2644691480766213,0.0013127026143947202
P6_fixed,raw_missing__Estimated_Departure_Time,missing,27841.0,0.0,0.1763945260586904,0.0,0.5702023643922431,0.000525462554994443,0.4496913471688873,0.0004493844062589306,0.6355428961432972,0.002494463455366252,0.14067251564222924,0.00016912442948206652,0.008304606759766419,0.0014469034872249458,-0.003295757616752113,0.0004555259636041554,0.28626450615992916,0.0005846996158317128,0.3134460055657368,0.0039291266241516035,0.16737897950283473,0.0021857765523142798,0.6865539944342632,0.003929126624151555,0.25895861020317756,0.0011337505215243948
P6_fixed,raw_missing__Estimated_Departure_Time,observed,227160.0,0.0,0.17647913365029055,0.0,0.5767317075468327,0.001656215820285233,0.4473397894790943,0.00041941463965946803,0.643650865235668,0.0014895517452320852,0.13982514410099114,0.0001411788390692164,0.004957246027462035,0.0008473097202276067,-0.0019407226350184326,0.00018359709466226218,0.2915647215307361,0.002671760844127891,0.34819193960105427,0.0019626000000101665,0.18130905734542857,0.0016026383578620095,0.6518080603989457,0.001962600000010154,0.26434231378763867,0.001548592794942142
P6_fixed,raw_missing__Month,missing,0.0,0.0,,,,,,,,,,,,,,,,,,,,,,,,
P6_fixed,raw_missing__Month,observed,255001.0,0.0,0.17646989619648554,0.0,0.5760619473941054,0.0014910716751659794,0.44759653246301023,0.0004201862356993305,0.6427575399200038,0.001521695799563974,0.13991766009535828,0.00014405368510820432,0.005068024220464954,0.0006394835541512666,-0.002088665305543025,0.00021317169027050662,0.2910266868156773,0.0023570123032458736,0.3444,0.002176076432935049,0.17978803275539956,0.0012741245850372463,0.6556000000000001,0.002176076432935087,0.26375452122409976,0.0012716862150534691
P6_fixed,raw_missing__Origin_Airport,missing,0.0,0.0,,,,,,,,,,,,,,,,,,,,,,,,
P6_fixed,raw_missing__Origin_Airport,observed,255001.0,0.0,0.17646989619648554,0.0,0.5760619473941054,0.0014910716751659794,0.44759653246301023,0.0004201862356993305,0.6427575399200038,0.001521695799563974,0.13991766009535828,0.00014405368510820432,0.005068024220464954,0.0006394835541512666,-0.002088665305543025,0.00021317169027050662,0.2910266868156773,0.0023570123032458736,0.3444,0.002176076432935049,0.17978803275539956,0.0012741245850372463,0.6556000000000001,0.002176076432935087,0.26375452122409976,0.0012716862150534691
P6_fixed,raw_missing__Origin_Airport_ID,missing,0.0,0.0,,,,,,,,,,,,,,,,,,,,,,,,
P6_fixed,raw_missing__Origin_Airport_ID,observed,255001.0,0.0,0.17646989619648554,0.0,0.5760619473941054,0.0014910716751659794,0.44759653246301023,0.0004201862356993305,0.6427575399200038,0.001521695799563974,0.13991766009535828,0.00014405368510820432,0.005068024220464954,0.0006394835541512666,-0.002088665305543025,0.00021317169027050662,0.2910266868156773,0.0023570123032458736,0.3444,0.002176076432935049,0.17978803275539956,0.0012741245850372463,0.6556000000000001,0.002176076432935087,0.26375452122409976,0.0012716862150534691
P6_fixed,raw_missing__Origin_State,missing,27856.0,0.0,0.17601234922458361,0.0,0.581060133602486,0.0003407909515124821,0.4453457283262147,0.00020725682904308105,0.6502722961528827,0.0008448869132591198,0.13919580388833666,5.222030629822516e-05,0.009009912468052423,0.0018587298016581565,-0.0015573451092326662,0.00029123323564262315,0.2979759734680459,0.00011165600704204908,0.35332109592766336,0.0030684027728321134,0.1778126316095209,0.0015343687718628225,0.6466789040723366,0.003068402772832111,0.2603388856978748,0.00072601049742093
P6_fixed,raw_missing__Origin_State,observed,227145.0,0.0,0.17652600761628034,0.0,0.5754497085003633,0.001689871111857011,0.44787256055094776,0.00045010951546142986,0.6418391520115919,0.0016075578716737786,0.14000618516305863,0.00015596830371052503,0.004784902773764121,0.00034875286551444356,-0.0021538239283981167,0.00020432317573579312,0.2901752397791302,0.0026590443892059797,0.34330914199732315,0.0023625946582050174,0.18003043781988226,0.001310231484073379,0.6566908580026768,0.0023625946582049753,0.26417339878344964,0.0013931402169606597
P6_fixed,raw_missing__Tail_Number,missing,0.0,0.0,,,,,,,,,,,,,,,,,,,,,,,,
P6_fixed,raw_missing__Tail_Number,observed,255001.0,0.0,0.17646989619648554,0.0,0.5760619473941054,0.0014910716751659794,0.44759653246301023,0.0004201862356993305,0.6427575399200038,0.001521695799563974,0.13991766009535828,0.00014405368510820432,0.005068024220464954,0.0006394835541512666,-0.002088665305543025,0.00021317169027050662,0.2910266868156773,0.0023570123032458736,0.3444,0.002176076432935049,0.17978803275539956,0.0012741245850372463,0.6556000000000001,0.002176076432935087,0.26375452122409976,0.0012716862150534691
P6_fixed,raw_missing_count,0,113787.0,0.0,0.17523091390053344,0.0,0.5760301167801395,0.0023360453598632682,0.44582844097397806,0.0004357484313766183,0.6426790185045208,0.001647216943085615,0.13918742890213873,0.0001446886831663843,0.004936535318644196,0.0011351675752001098,-0.0008823820308384115,0.00017243410959329427,0.2893582288734098,0.0036934806992723257,0.34625608104719396,0.0028587190932343625,0.1806822379450459,0.001836010671278678,0.653743918952806,0.00285871909323437,0.2635772686393583,0.0019819694395258746
P6_fixed,raw_missing_count,1,97322.0,0.0,0.17865436386428557,0.0,0.5761129490051399,0.0004023073909495862,0.45079479539502243,0.0002790046672954583,0.6425291463167085,0.0006026803278038634,0.1412297618061361,0.00011650266875521524,0.0054529026054375455,0.0005395634831746852,-0.004094131245428456,0.0002041488392121935,0.29314557943364183,0.0005262470841708264,0.34569889380955116,0.0011421077823359723,0.18131398427889325,0.00021462620433197936,0.6543011061904488,0.0011421077823359149,0.2658151976600015,0.00013683089370297
P6_fixed,raw_missing_count,2,35730.0,0.0,0.1743073047858942,0.0,0.5745290084578459,0.0024688354427756377,0.4440863753834729,0.000790349904481361,0.644932275364282,0.003428900217871422,0.13854132983728448,0.00024539270504234627,0.006175945642896512,0.0018044396430560022,-0.0005443687205396545,0.00024801212167814313,0.28776541285991736,0.004097620932620995,0.3348854634981803,0.0036130140937139232,0.17499378573204075,0.0027861473130022384,0.6651145365018197,0.003613014093713881,0.2604254128183599,0.00244135410406302
P6_fixed,raw_missing_count,3,7245.0,0.0,0.17598343685300208,0.0,0.581323326028269,0.005032531751531799,0.4474766480330503,0.001130221706104877,0.6382524605598799,0.0040640009855564116,0.13969503565900876,0.00033600988287089506,0.006623863003092852,0.0023866207903664367,-0.0006300664254496694,0.0008436293182503889,0.30022576916831367,0.006646870047556524,0.3445751633986928,0.013271675970192975,0.1714684533780011,0.0014246064569707543,0.6554248366013072,0.013271675970192985,0.25663676098458704,0.0014887223084760416
P6_fixed,raw_missing_count,4,848.0,0.0,0.18985849056603774,0.0,0.583518862289162,0.011291063680003176,0.47071914331463044,0.0015001707856698388,0.6228870384936457,0.004788808004358542,0.14890272664291462,0.0006244139812751888,0.01968206531175817,0.005309629747665623,-0.01350057232501615,0.0005238314428195887,0.32249015548248283,0.01658346385401753,0.3333333333333333,0.023515148429814833,0.16399805919456575,0.004446943905828089,0.6666666666666666,0.02351514842981478,0.25943396226415094,0.005896226415094352
P6_fixed,raw_missing_count,5,66.0,0.0,0.15151515151515152,0.0,0.6698479970368681,0.031269236219581525,0.4060423130054869,0.0020470098637683154,0.6589285714285715,0.011709711650539262,0.12256581073154128,0.0005984107172114053,0.06930905131120288,0.01049641184160045,0.016550086235002464,0.0003796399225182374,0.42820512820512824,0.06265021396343903,0.4666666666666666,0.05773502691896256,0.1130952380952381,0.027277236279499042,0.5333333333333333,0.057735026918962595,0.17676767676767677,0.023144321691696158
P6_fixed,raw_missing_count,6,3.0,0.0,0.0,0.0,0.4666666666666666,0.05773502691896256,0.22945013985264218,0.04005167203004479,,,0.043095618282375146,0.01408783520293862,0.20406963639670805,0.03083236204474404,0.20406963639670805,0.03083236204474404,0.0,,,,0.1111111111111111,0.19245008972987526,,,0.1111111111111111,0.19245008972987526
P6_fixed,raw_time_pattern,arrival_missing,24653.0,0.0,0.17758487810814097,0.0,0.5803031696934028,0.001168888160925789,0.44822900570443974,0.000529154139253835,0.6457594571519932,0.0014845066446823698,0.14022086389022193,0.0001940210135979271,0.0067298633112223664,0.0010635842194687548,-0.0022621315385534615,0.00031441940362785995,0.29751732850070456,0.001332186508133338,0.35716461093345514,0.0062734420755640435,0.18209617755856966,0.002900777499883122,0.6428353890665449,0.006273442075564053,0.2639164942738544,0.0014053391907496936
P6_fixed,raw_time_pattern,both_missing,3031.0,0.0,0.17123061695809963,0.0,0.5068980417569794,0.003477298778264781,0.45511268350011674,0.0010775158170799569,0.5702410063039735,0.00778188092604896,0.14124908996660304,0.0002941772152336474,0.01342584013114669,0.0011079322820618121,-0.005428372536845037,0.0007830369495656574,0.2296744242868487,0.013560048493884657,0.09312780989081566,0.0029432085388284134,0.06462314225053079,0.0028798479849005683,0.9068721901091843,0.002943208538828371,0.20884196634774002,0.0028762117740288294
P6_fixed,raw_time_pattern,both_observed,202507.0,0.0,0.17634452142395077,0.0,0.5762912739629563,0.0018618683080587955,0.44723153718360126,0.00041137081350529236,0.6433947470702418,0.0015058685495996373,0.13977696956893101,0.00013596114700555148,0.004798195496448666,0.0007906537534352361,-0.00190159463599196,0.00022844218386950632,0.2908284183390017,0.002936332013936317,0.34709193245778613,0.002370149698356141,0.18121337841834737,0.0014541694721360173,0.6529080675422139,0.0023701496983560967,0.26439415263011484,0.0015669609098151172
P6_fixed,raw_time_pattern,departure_missing,24810.0,0.0,0.17702539298669892,0.0,0.5738965015160691,0.0005977654535837219,0.4490290307472849,0.0005754375116591702,0.6422427161814138,0.0030529130213670635,0.14060207643315317,0.00020245454691963786,0.009150057367748791,0.00232681091413526,-0.003035219292576339,0.0004413880864952198,0.2885785257833992,0.0002861727824665406,0.3394808743169399,0.004548038332294649,0.18002089659450812,0.0021860888093150517,0.6605191256830601,0.004548038332294681,0.2650812844283219,0.0009957648240595258
