phase_key,seed,arm,calibrator,group,n,positives,positive_rate,mean_probability,calibration_bias,macro_f1,log_loss,roc_auc,brier,ece_10,tn,fp,fn,tp,precision,recall,fpr,fnr,error_rate
P6_fixed,42,shared,none,overall,255001,45000,0.1764698961964855,0.17433356565460503,-0.0021363305418804768,0.576536114963472,0.44733370206084616,0.6439163612448406,0.13983821652460954,0.00566599414126189,172482,37519,29527,15473,0.29198746980676327,0.34384444444444445,0.17866105399498097,0.6561555555555556,0.26292445911976814
P6_fixed,42,shared,none,both_observed,202507,35711,0.17634452142395077,0.1744244663480242,-0.0019200550759265744,0.5771103811111157,0.4469665927736343,0.6444469402852009,0.1396976056840159,0.005221987164571617,136748,30048,23304,12407,0.292238841125898,0.34742796337263027,0.1801482049929255,0.6525720366273697,0.26345755949177063
P6_fixed,42,shared,none,departure_missing,24810,4392,0.17702539298669892,0.17385262367113624,-0.003172769315562679,0.5736748703566878,0.4484429696501189,0.6457598297138083,0.14043456352435776,0.011309509079144993,16751,3667,2906,1486,0.2883757034737046,0.3383424408014572,0.17959643451856205,0.6616575591985429,0.26493349455864573
P6_fixed,42,shared,none,arrival_missing,24653,4378,0.177584878108141,0.17506154949374328,-0.0025233286143977185,0.579038999731366,0.44813619148023104,0.6460985794345566,0.14018045657140113,0.007771059698200053,16638,3637,2845,1533,0.2965183752417795,0.3501598903608954,0.179383477188656,0.6498401096391047,0.2629294609175354
P6_fixed,42,shared,none,both_missing,3031,519,0.17123061695809963,0.16627588116148484,-0.00495473579661479,0.5041650911624904,0.4562540253467148,0.5617816753187781,0.14156770070764688,0.014686753072069477,2345,167,472,47,0.21962616822429906,0.0905587668593449,0.06648089171974522,0.9094412331406551,0.21082151105245794
P6_fixed,42,shared,platt,overall,255001,45000,0.1764698961964855,0.17625453027165985,-0.00021536592482565564,0.5763540530638047,0.44724429896283363,0.6438997111653967,0.13982091460566773,0.0036654850040634453,174147,35854,30064,14936,0.2940736365426265,0.3319111111111111,0.1707325203213318,0.6680888888888888,0.25850094705510956
P6_fixed,42,shared,platt,both_observed,202507,35711,0.17634452142395077,0.17636164387578437,1.712245183360661e-05,0.5767887496826576,0.4468818589229755,0.6444282538254054,0.13968061685409078,0.0031378446662039604,138108,28688,23756,11955,0.2941465935093374,0.33477079891350003,0.17199453224297945,0.6652292010865,0.2589737638698909
P6_fixed,42,shared,platt,departure_missing,24810,4392,0.17702539298669892,0.17572867164706293,-0.0012967213396359867,0.5749647629838084,0.44831784581429684,0.645724703202164,0.1404212973355447,0.009059972083828806,16896,3522,2938,1454,0.2922025723472669,0.33105646630236796,0.17249485747869528,0.668943533697632,0.260378879484079
P6_fixed,42,shared,platt,arrival_missing,24653,4378,0.177584878108141,0.17701916716214183,-0.0005657109459991649,0.5785521686421639,0.4479915877255068,0.6461573082315513,0.1401390997365555,0.006185916827816596,16787,3488,2897,1481,0.2980478969611592,0.338282320694381,0.17203452527743526,0.661717679305619,0.25899484849714033
P6_fixed,42,shared,platt,both_missing,3031,519,0.17123061695809963,0.16718316919767306,-0.004047447760426565,0.5049161732921547,0.4565940310316512,0.5609057257342023,0.14169210009513203,0.013810468344957859,2356,156,473,46,0.22772277227722773,0.08863198458574181,0.06210191082802548,0.9113680154142582,0.20752226987792807
P6_fixed,42,shared,isotonic,overall,255001,45000,0.1764698961964855,0.17623328516251693,-0.00023661103396857563,0.5769526640821296,0.4481443647864031,0.6433642445617984,0.13981390822670633,0.0015104668697769963,170374,39627,28811,16189,0.2900422817830013,0.35975555555555555,0.18869910143285032,0.6402444444444444,0.26838326124211276
P6_fixed,42,shared,isotonic,both_observed,202507,35711,0.17634452142395077,0.17631523563743454,-2.9285786516231038e-05,0.5772383521306961,0.4480908935137776,0.6438221179870455,0.1396955416278155,0.0012547940479132945,135044,31752,22747,12964,0.28991859737006886,0.363025398336647,0.19036427732079905,0.6369746016633531,0.26912156122998215
P6_fixed,42,shared,isotonic,departure_missing,24810,4392,0.17702539298669892,0.17586912920098738,-0.001156263785711542,0.5751790711261903,0.4478225402922518,0.6453766775306833,0.14027059203816755,0.005585762614523592,16569,3849,2833,1559,0.28827662721893493,0.35496357012750457,0.18851013811342932,0.6450364298724954,0.26932688432083834
P6_fixed,42,shared,isotonic,arrival_missing,24653,4378,0.177584878108141,0.17702705130472662,-0.0005578268034143741,0.5801279416687539,0.4478298456105802,0.6459363626787676,0.14008715677900202,0.0032819596028940455,16429,3846,2766,1612,0.295346280688897,0.3682046596619461,0.189691738594328,0.631795340338054,0.2682026528211577
P6_fixed,42,shared,isotonic,both_missing,3031,519,0.17123061695809963,0.16728259162161296,-0.003948025336486666,0.510967244227085,0.45690933144659407,0.5622721917455175,0.14176156342944143,0.01806772914024172,2332,180,465,54,0.23076923076923078,0.10404624277456648,0.07165605095541401,0.8959537572254336,0.21280105575717584
P6_fixed,42,split,none,overall,255001,45000,0.1764698961964855,0.17433356565460503,-0.0021363305418804768,0.5761464192267403,0.44733370206084616,0.6439163612448406,0.13983821652460954,0.00566599414126189,169773,40228,28703,16297,0.28831490490933215,0.36215555555555556,0.19156099256670206,0.6378444444444444,0.2703165869937765
P6_fixed,42,split,none,both_observed,202507,35711,0.17634452142395077,0.1744244663480242,-0.0019200550759265744,0.5763912557447401,0.4469665927736343,0.6444469402852009,0.1396976056840159,0.005221987164571617,134572,32224,22666,13045,0.2881662948154366,0.3652936070118451,0.19319408139283917,0.6347063929881549,0.2710523586838973
P6_fixed,42,split,none,departure_missing,24810,4392,0.17702539298669892,0.17385262367113624,-0.003172769315562679,0.575604445896599,0.4484429696501189,0.6457598297138083,0.14043456352435776,0.011309509079144993,16496,3922,2805,1587,0.2880740606280632,0.36133879781420764,0.19208541483005193,0.6386612021857924,0.27114066908504636
P6_fixed,42,split,none,arrival_missing,24653,4378,0.177584878108141,0.17506154949374328,-0.0025233286143977185,0.5791263281942022,0.44813619148023104,0.6460985794345566,0.14018045657140113,0.007771059698200053,16388,3887,2763,1615,0.2935296255906943,0.3688899040657835,0.19171393341553639,0.6311100959342165,0.2697440473776011
P6_fixed,42,split,none,both_missing,3031,519,0.17123061695809963,0.16627588116148484,-0.00495473579661479,0.5027798695151189,0.4562540253467148,0.5617816753187781,0.14156770070764688,0.014686753072069477,2317,195,469,50,0.20408163265306123,0.09633911368015415,0.07762738853503184,0.9036608863198459,0.21906961398878258
P6_fixed,42,split,platt,overall,255001,45000,0.1764698961964855,0.1761462919327082,-0.00032360426377731066,0.5761640171837948,0.44724513488590706,0.6439089716503996,0.13981950986428612,0.003688585291173982,169091,40910,28479,16521,0.2876669394577841,0.3671333333333333,0.19480859614954216,0.6328666666666667,0.2721126583817318
P6_fixed,42,split,platt,both_observed,202507,35711,0.17634452142395077,0.17625238201221766,-9.213941173311091e-05,0.5759743326116191,0.446887978673009,0.6444349687288908,0.139681889989512,0.003242983572502359,133985,32811,22510,13201,0.2869034165000435,0.36966200890481926,0.19671335044005853,0.6303379910951807,0.2731806801740187
P6_fixed,42,split,platt,departure_missing,24810,4392,0.17702539298669892,0.17562222097409622,-0.0014031720126027047,0.5785958464581655,0.4482661767924364,0.6458394163530483,0.1403977305641234,0.009208054967808832,16458,3960,2761,1631,0.29171883384010017,0.37135701275045535,0.1939465177784308,0.6286429872495446,0.2708988311164853
P6_fixed,42,split,platt,arrival_missing,24653,4378,0.177584878108141,0.17690556042089153,-0.0006793176872494644,0.5792979833173402,0.4480164626160025,0.6460340262009521,0.140142881343271,0.0059347446507979785,16336,3939,2744,1634,0.29319935402835096,0.3732297852900868,0.1942786683107275,0.6267702147099132,0.2710826268608283
P6_fixed,42,split,platt,both_missing,3031,519,0.17123061695809963,0.16717234627542124,-0.004058270682678389,0.5082757704050319,0.4564760952865392,0.5617080403274303,0.14165100288523577,0.013824970470108994,2312,200,464,55,0.21568627450980393,0.10597302504816955,0.07961783439490445,0.8940269749518305,0.21906961398878258
P6_fixed,42,split,isotonic,overall,255001,45000,0.1764698961964855,0.17613203047241932,-0.00033786572406618864,0.576602694522476,0.4488183421835043,0.6429624538824947,0.13986608832642966,0.0018379369922172039,174148,35853,30039,14961,0.29442673279017595,0.3324666666666667,0.17072775843924554,0.6675333333333333,0.2583989866706405
P6_fixed,42,split,isotonic,both_observed,202507,35711,0.17634452142395077,0.17621693880885447,-0.00012758261509629443,0.5770513264664185,0.4489201951373141,0.6433709445334775,0.13974911287597222,0.0025289610190523046,138109,28687,23735,11976,0.29451835821262573,0.3353588530144773,0.1719885368953692,0.6646411469855227,0.25886512564997755
P6_fixed,42,split,isotonic,departure_missing,24810,4392,0.17702539298669892,0.17571908049679782,-0.0013063124899010958,0.5734200293021124,0.4478714597470326,0.6455619113354213,0.14031950407520985,0.004791122187174063,16908,3510,2957,1435,0.2901921132457027,0.3267304189435337,0.17190714075815458,0.6732695810564663,0.2606610237807336
P6_fixed,42,split,isotonic,arrival_missing,24653,4378,0.177584878108141,0.17695704793987277,-0.0006278301682682286,0.5805699311312014,0.4480198757857157,0.6450885128478396,0.14016034007753714,0.002432142787606727,16781,3494,2875,1503,0.3007804682809686,0.3433074463225217,0.1723304562268804,0.6566925536774783,0.25834584026284835
P6_fixed,42,split,isotonic,both_missing,3031,519,0.17123061695809963,0.16712892944423222,-0.004101687513867414,0.5051303683193448,0.4562583980186644,0.5649418436974585,0.14157671663342158,0.012551838798351337,2350,162,472,47,0.22488038277511962,0.0905587668593449,0.06449044585987261,0.9094412331406551,0.209171890465193
P6_clean,42,shared,none,overall,255001,45000,0.1764698961964855,0.17448527446651846,-0.001984621729967051,0.5769259579486619,0.4472250784831184,0.6443165863231339,0.1397929100396355,0.00552735498920834,173448,36553,29789,15211,0.2938528707209644,0.3380222222222222,0.17406107589963857,0.6619777777777778,0.26016368563260533
P6_clean,42,shared,none,both_observed,202507,35711,0.17634452142395077,0.17449616151519495,-0.0018483599087558145,0.5766715141840453,0.44693619047257505,0.644563452011498,0.1396725491920005,0.005025414655583837,137431,29365,23555,12156,0.29276751523325545,0.3403993167371398,0.1760533825751217,0.6596006832628601,0.2613242999007442
P6_clean,42,shared,none,departure_missing,24810,4392,0.17702539298669892,0.17422255563986605,-0.0028028373468328704,0.5766922837248574,0.4481267815330699,0.6461279945852983,0.1403148304684514,0.009486281128838106,16916,3502,2927,1465,0.29494664787598146,0.33356102003642984,0.17151532961112745,0.6664389799635702,0.2591293833131802
P6_clean,42,shared,none,arrival_missing,24653,4378,0.177584878108141,0.17533904689595473,-0.0022458312121862722,0.5832856485250657,0.4477276896563524,0.6481134796277093,0.14007910393763193,0.0077634513828043605,16766,3509,2843,1535,0.3043219666931007,0.3506167199634536,0.17307028360049323,0.6493832800365463,0.25765626901391314
P6_clean,42,shared,none,both_missing,3031,519,0.17123061695809963,0.1689640929488731,-0.002266524009226528,0.5128892349897619,0.45505738413408264,0.5704080912582994,0.1412345234232666,0.007610650121778101,2335,177,464,55,0.23706896551724138,0.10597302504816955,0.07046178343949044,0.8940269749518305,0.21148135928736392
P6_clean,42,shared,platt,overall,255001,45000,0.1764698961964855,0.17626553912630794,-0.00020435707017757432,0.576887463263162,0.4471117137364521,0.6442979093750347,0.13976671437009877,0.0033152810104969525,171236,38765,29095,15905,0.29092738247667826,0.35344444444444445,0.1845943590744806,0.6465555555555556,0.26611660346430016
P6_clean,42,shared,platt,both_observed,202507,35711,0.17634452142395077,0.17628781389474982,-5.670752920095001e-05,0.5765086799500642,0.4468360046906907,0.6445391973039865,0.13964879990146128,0.0028183571529862292,135695,31101,23019,12692,0.28981800744411207,0.35540869760017924,0.18646130602652342,0.6445913023998208,0.26725002098692885
P6_clean,42,shared,platt,departure_missing,24810,4392,0.17702539298669892,0.17596917751524152,-0.0010562154714574001,0.5776643744462603,0.4479532495459094,0.6460961576993478,0.14028497047918329,0.007266186540208181,16696,3722,2848,1544,0.2932016710976073,0.35154826958105645,0.1822901361543736,0.6484517304189436,0.26481257557436516
P6_clean,42,shared,platt,arrival_missing,24653,4378,0.177584878108141,0.17716723624323008,-0.00041764186491091704,0.5831232494570862,0.44752143078319645,0.6481803648891244,0.1400203864913711,0.004619684960791706,16536,3739,2770,1608,0.3007293809612867,0.3672910004568296,0.18441430332922318,0.6327089995431704,0.2640246623129031
P6_clean,42,shared,platt,both_missing,3031,519,0.17123061695809963,0.16986910099176983,-0.0013615159663298015,0.5152989374269528,0.45531156657180993,0.5699302308456979,0.14133939415507402,0.008607654754845477,2309,203,458,61,0.23106060606060605,0.11753371868978806,0.08081210191082802,0.882466281310212,0.21807984163642363
P6_clean,42,shared,isotonic,overall,255001,45000,0.1764698961964855,0.1762531286551974,-0.00021676754128810427,0.5761653261089772,0.4480520718922772,0.6437520884821183,0.1397723792103715,0.001933985256670339,176036,33965,30658,14342,0.2968927898648229,0.3187111111111111,0.16173732506035685,0.6812888888888889,0.2534225355978996
P6_clean,42,shared,isotonic,both_observed,202507,35711,0.17634452142395077,0.17624925640865036,-9.526501530041087e-05,0.5761397626466538,0.4480318063588453,0.6441352142755368,0.13965892216218756,0.0017813587353693876,139491,27305,24231,11480,0.2959907180611061,0.3214695752009185,0.16370296649799757,0.6785304247990815,0.2544899682480112
P6_clean,42,shared,isotonic,departure_missing,24810,4392,0.17702539298669892,0.17606856794996464,-0.0009568250367342768,0.5746040113543005,0.44765525059802996,0.6452946264599917,0.14021079563161265,0.0038773440284943198,17172,3246,3025,1367,0.29633644049425534,0.31124772313296906,0.15897737290625918,0.688752276867031,0.25276098347440545
P6_clean,42,shared,isotonic,arrival_missing,24653,4378,0.177584878108141,0.17727520704807467,-0.0003096710600663244,0.5820975491566361,0.44765402490979683,0.6470115401579133,0.14005916849252373,0.002329648234707562,17018,3257,2934,1444,0.30716868751329507,0.32983097304705344,0.1606411837237978,0.6701690269529466,0.25112562365635016
P6_clean,42,shared,isotonic,both_missing,3031,519,0.17123061695809963,0.16970935086197028,-0.0015212660961293478,0.5115758615666441,0.4558917620763854,0.5655704257329749,0.1414314088615398,0.011638334576827497,2355,157,468,51,0.24519230769230768,0.09826589595375723,0.0625,0.9017341040462428,0.20620257340811612
P6_clean,42,split,none,overall,255001,45000,0.1764698961964855,0.17448527446651846,-0.001984621729967051,0.5770223868273427,0.4472250784831184,0.6443165863231339,0.1397929100396355,0.00552735498920834,172082,37919,29350,15650,0.2921465773115048,0.3477777777777778,0.18056580682949128,0.6522222222222223,0.26379896549425297
P6_clean,42,split,none,both_observed,202507,35711,0.17634452142395077,0.17449616151519495,-0.0018483599087558145,0.5766955053488739,0.44693619047257505,0.644563452011498,0.1396725491920005,0.005025414655583837,136352,30444,23213,12498,0.29104373340785245,0.34997619781019856,0.18252236264658625,0.6500238021898015,0.2649636802678426
P6_clean,42,split,none,departure_missing,24810,4392,0.17702539298669892,0.17422255563986605,-0.0028028373468328704,0.5766895057814293,0.4481267815330699,0.6461279945852983,0.1403148304684514,0.009486281128838106,16775,3643,2883,1509,0.29289596273291924,0.3435792349726776,0.17842100107748066,0.6564207650273224,0.2630390971382507
P6_clean,42,split,none,arrival_missing,24653,4378,0.177584878108141,0.17533904689595473,-0.0022458312121862722,0.5837502158784249,0.4477276896563524,0.6481134796277093,0.14007910393763193,0.0077634513828043605,16629,3646,2794,1584,0.302868068833652,0.36180904522613067,0.17982737361282367,0.6381909547738693,0.26122581430251895
P6_clean,42,split,none,both_missing,3031,519,0.17123061695809963,0.1689640929488731,-0.002266524009226528,0.5162587284740463,0.45505738413408264,0.5704080912582994,0.1412345234232666,0.007610650121778101,2326,186,460,59,0.24081632653061225,0.11368015414258188,0.07404458598726114,0.8863198458574181,0.21313097987462884
P6_clean,42,split,platt,overall,255001,45000,0.1764698961964855,0.17616114379913825,-0.0003087523973472617,0.5762696016438451,0.44710978287409164,0.6443197411229258,0.13976521219663127,0.0033449628251286997,172537,37464,29572,15428,0.29168872419269454,0.34284444444444445,0.1783991504802358,0.6571555555555556,0.26288524358728005
P6_clean,42,split,platt,both_observed,202507,35711,0.17634452142395077,0.17618449256318053,-0.00016002886077023937,0.5760573706716976,0.44683451572551086,0.6445623088813175,0.1396482944120306,0.002875107950151222,136731,30065,23386,12325,0.2907525359754659,0.3451317521211951,0.1802501259022998,0.6548682478788048,0.2639464314813809
P6_clean,42,split,platt,departure_missing,24810,4392,0.17702539298669892,0.17585309115241304,-0.001172301834285877,0.5759392926704892,0.4479217893412393,0.6462063657357227,0.14027070994036717,0.007215937968279624,16821,3597,2905,1487,0.29248623131392604,0.33857012750455373,0.17616808698207465,0.6614298724954463,0.26207174526400645
P6_clean,42,split,platt,arrival_missing,24653,4378,0.177584878108141,0.1770586559927632,-0.0005262221153778113,0.5818395060254368,0.44755425840136004,0.6480696442643663,0.14002710325714168,0.004739891906843804,16652,3623,2821,1557,0.3005791505791506,0.35564184559159434,0.17869297163995068,0.6443581544084057,0.26138806636109196
P6_clean,42,split,platt,both_missing,3031,519,0.17123061695809963,0.16982268451042448,-0.0014079324476751476,0.5177130321211887,0.4552391094441909,0.5705162426518415,0.14130888440688189,0.008644581119136937,2333,179,460,59,0.24789915966386555,0.11368015414258188,0.07125796178343949,0.8863198458574181,0.21082151105245794
P6_clean,42,split,isotonic,overall,255001,45000,0.1764698961964855,0.1761042457656772,-0.00036565043080830084,0.576774028954677,0.4492725156152437,0.6434706634201213,0.13980352341209662,0.002244896055336384,171798,38203,29286,15714,0.2914479663186008,0.3492,0.1819181813419936,0.6508,0.26466170720899135
P6_clean,42,split,isotonic,both_observed,202507,35711,0.17634452142395077,0.1760953794742061,-0.00024914194974468007,0.5763546752836928,0.4495695225482926,0.643742873580562,0.13969680442918805,0.002127684414562761,136124,30672,23169,12542,0.2902300180497061,0.35120831116462714,0.18388930190172426,0.6487916888353729,0.2658722908343909
P6_clean,42,split,isotonic,departure_missing,24810,4392,0.17702539298669892,0.17591404370244268,-0.0011113492842562411,0.5781985192255206,0.44772102076000403,0.6452114602619461,0.14022027331789338,0.0042957145920374485,16776,3642,2868,1524,0.29500580720092917,0.3469945355191257,0.17837202468410226,0.6530054644808743,0.2623941958887545
P6_clean,42,split,isotonic,arrival_missing,24653,4378,0.177584878108141,0.17718506496732006,-0.0003998131408209371,0.5825460619357563,0.44759805516258816,0.6471896135762322,0.1400585934711354,0.002313385501736837,16588,3687,2793,1585,0.30064491654021247,0.3620374600274098,0.18184956843403205,0.6379625399725902,0.2628483348882489
P6_clean,42,split,isotonic,both_missing,3031,519,0.17123061695809963,0.1694625313142375,-0.0017680856438621328,0.5180229253505115,0.4557479619718515,0.5684997177325332,0.1414477113842398,0.009689109749686684,2310,202,456,63,0.23773584905660378,0.12138728323699421,0.0804140127388535,0.8786127167630058,0.21709006928406466
P6_fixed,1,shared,none,overall,255001,45000,0.1764698961964855,0.17419592673934928,-0.0022739694571362323,0.5743914520922355,0.4480811425217061,0.6410342726410297,0.1400839441321873,0.004393855043452147,171955,38046,29585,15415,0.28834103365069863,0.34255555555555556,0.18117056585444832,0.6574444444444445,0.2652185677703225
P6_fixed,1,shared,none,both_observed,202507,35711,0.17634452142395077,0.17422427493208614,-0.0021202464918646247,0.574160281686387,0.4477054464851698,0.6416697730013555,0.1399339607771072,0.0038859898564131473,136294,30502,23406,12305,0.2874529866610601,0.34457170059645487,0.182870092807981,0.6554282994035451,0.2662031435950362
P6_fixed,1,shared,none,departure_missing,24810,4392,0.17702539298669892,0.1736339387806937,-0.003391454206005229,0.5734412046869648,0.44959322106909383,0.6402774900749205,0.1408270504948405,0.0094547538680353,16782,3636,2918,1474,0.28845401174168295,0.3356102003642987,0.17807816632383192,0.6643897996357013,0.264167674324869
P6_fixed,1,shared,none,arrival_missing,24653,4378,0.177584878108141,0.1756717292348072,-0.0019131488733337976,0.5805257363438602,0.4487984264329326,0.6441347303719585,0.1404319067231708,0.005645222606293633,16521,3754,2792,1586,0.29700374531835205,0.3622658748286889,0.185154130702836,0.6377341251713111,0.26552549385470325
P6_fixed,1,shared,none,both_missing,3031,519,0.17123061695809963,0.16489841927222854,-0.006332197685871094,0.5108120339981094,0.45497101657209144,0.5718462746830627,0.14119179258954856,0.012982701193753563,2358,154,469,50,0.24509803921568626,0.09633911368015415,0.06130573248407643,0.9036608863198459,0.20554272517321015
P6_fixed,1,shared,platt,overall,255001,45000,0.1764698961964855,0.17628874774021216,-0.00018114845627334453,0.5739770491664247,0.4480447237070615,0.6410332900002065,0.14007768217139757,0.003179208109441395,171817,38184,29585,15415,0.2875986492285304,0.34255555555555556,0.18182770558235437,0.6574444444444445,0.2657597421186584
P6_fixed,1,shared,platt,both_observed,202507,35711,0.17634452142395077,0.17632082486759154,-2.3696556359226184e-05,0.5740854605564231,0.44767498362897584,0.6416661031992381,0.13992891730332258,0.003112824312466377,136217,30579,23388,12323,0.2872360262924805,0.3450757469687211,0.1833317345739706,0.6549242530312789,0.2664944915484403
P6_fixed,1,shared,platt,departure_missing,24810,4392,0.17702539298669892,0.1757080569950479,-0.0013173359916510141,0.571620313784799,0.4495599961198885,0.6402350594791089,0.14083156980996817,0.008971892462557956,16726,3692,2919,1473,0.285188770571152,0.3353825136612022,0.18082084435302184,0.6646174863387978,0.2664651350261991
P6_fixed,1,shared,platt,arrival_missing,24653,4378,0.177584878108141,0.17782666653784018,0.00024178842969918568,0.5791081378383047,0.4486989250259151,0.6442139742541876,0.1404004551421882,0.00395700084495753,16519,3756,2806,1572,0.29504504504504503,0.3590680676107812,0.18525277435265106,0.6409319323892189,0.26617450208899524
P6_fixed,1,shared,platt,both_missing,3031,519,0.17123061695809963,0.1663899626644559,-0.00484065429364372,0.5061007534266626,0.4550236152666033,0.5715156842531571,0.14122075468127113,0.010218159218118032,2355,157,472,47,0.23039215686274508,0.0905587668593449,0.0625,0.9094412331406551,0.20752226987792807
P6_fixed,1,shared,isotonic,overall,255001,45000,0.1764698961964855,0.17628195418731374,-0.00018794200917177095,0.5739986446828846,0.44949059059958046,0.6402508574297794,0.140119116851536,0.0022089990408537164,172211,37790,29706,15294,0.2881094114987567,0.33986666666666665,0.17995152404036172,0.6601333333333333,0.264689158081733
P6_fixed,1,shared,isotonic,both_observed,202507,35711,0.17634452142395077,0.17630223770462614,-4.228371932463171e-05,0.5739222807651589,0.4493384089194916,0.640835424208364,0.13998665002309102,0.002143971362316492,136521,30275,23497,12214,0.28746263738850053,0.3420234661588866,0.18150914890045325,0.6579765338411134,0.2655315618719353
P6_fixed,1,shared,isotonic,departure_missing,24810,4392,0.17702539298669892,0.17588931370613964,-0.0011360792805592823,0.5727074121345197,0.4510347147801159,0.6394211112966683,0.14084955909543412,0.007103042641887117,16784,3634,2926,1466,0.2874509803921569,0.33378870673952643,0.17798021353707513,0.6662112932604736,0.26440951229343007
P6_fixed,1,shared,isotonic,arrival_missing,24653,4378,0.177584878108141,0.17794893432411002,0.00036405621596902193,0.5795371865239201,0.44843007333257867,0.6437846501873791,0.14031562287201527,0.002272192716543761,16545,3730,2810,1568,0.29596073990184973,0.3581544084056647,0.18397040690505548,0.6418455915943353,0.2652821157668438
P6_fixed,1,shared,isotonic,both_missing,3031,519,0.17123061695809963,0.16458211742885662,-0.006648499529243013,0.5058844183611408,0.4556446871862035,0.5672348833499011,0.1413922033028453,0.016284272421567107,2361,151,473,46,0.233502538071066,0.08863198458574181,0.06011146496815287,0.9113680154142582,0.20587264929066315
P6_fixed,1,split,none,overall,255001,45000,0.1764698961964855,0.17423148241805728,-0.002238413778428233,0.5735836137463313,0.44806758344506803,0.6409918059649452,0.14007843699384265,0.004328493072784321,171772,38229,29612,15388,0.2869985265867169,0.34195555555555557,0.18204199027623677,0.6580444444444444,0.2660420939525727
P6_fixed,1,split,none,both_observed,202507,35711,0.17634452142395077,0.17424236826288517,-0.002102153161065601,0.5736328026544057,0.44769342402648177,0.6416555636195582,0.13992979428695712,0.003767298010006012,136148,30648,23404,12307,0.2865091374694448,0.3446277057489289,0.18374541355907817,0.6553722942510711,0.2669142301253784
P6_fixed,1,split,none,departure_missing,24810,4392,0.17702539298669892,0.17376291357719942,-0.0032624794094995024,0.5721658073342967,0.44964329129885267,0.6397782475586293,0.14082811252186933,0.009061349797810828,16747,3671,2920,1472,0.28621427182578263,0.33515482695810567,0.17979234009207562,0.6648451730418944,0.2656590084643289
P6_fixed,1,split,none,arrival_missing,24653,4378,0.177584878108141,0.175739446975065,-0.0018454311330760031,0.5780320113996862,0.4487325904586473,0.6442630707623985,0.1404137067788177,0.006098583507234387,16528,3747,2820,1558,0.2936852026390198,0.35587026039287345,0.18480887792848336,0.6441297396071265,0.26637731716221147
P6_fixed,1,split,none,both_missing,3031,519,0.17123061695809963,0.16507439991697112,-0.006156217041128509,0.5103727269538834,0.4547591610173137,0.5699010836616227,0.1411461812313657,0.011247388395850252,2349,163,468,51,0.2383177570093458,0.09826589595375723,0.06488853503184713,0.9017341040462428,0.20818211811283405
P6_fixed,1,split,platt,overall,255001,45000,0.1764698961964855,0.17628939526164533,-0.0001805009348401776,0.5735622764329569,0.4480387465993467,0.6409623363698269,0.1400747629294574,0.0030707520765667364,170617,39384,29250,15750,0.28566764609859613,0.35,0.1875419640858853,0.65,0.2691518856788797
P6_fixed,1,split,platt,both_observed,202507,35711,0.17634452142395077,0.17630812837513102,-3.6393048819749474e-05,0.5734102056404622,0.4476709783380314,0.6415909533443738,0.13992697059715747,0.0028688357105830903,135258,31538,23141,12570,0.2849823161331278,0.3519923832992635,0.1890812729322046,0.6480076167007365,0.2700104193929099
P6_fixed,1,split,platt,departure_missing,24810,4392,0.17702539298669892,0.17578029746831922,-0.001245095518379702,0.5729971633956557,0.44959913916226196,0.6399208500446318,0.14083111850457353,0.009473780329020761,16627,3791,2874,1518,0.2859295535882464,0.34562841530054644,0.1856695072974826,0.6543715846994536,0.2686416767432487
P6_fixed,1,split,platt,arrival_missing,24653,4378,0.177584878108141,0.1778297656022009,0.0002448874940599033,0.5784907494532234,0.4486651502751167,0.6443205265200569,0.14039652586016335,0.004152336225993863,16389,3886,2770,1608,0.2926829268292683,0.3672910004568296,0.19166461159062886,0.6327089995431704,0.2699874254654606
P6_fixed,1,split,platt,both_missing,3031,519,0.17123061695809963,0.16667619157773114,-0.0045544253803684875,0.5131898141580367,0.45474266543455094,0.571036289778236,0.14114087262518105,0.011258864360596635,2343,169,465,54,0.242152466367713,0.10404624277456648,0.06727707006369427,0.8959537572254336,0.209171890465193
P6_fixed,1,split,isotonic,overall,255001,45000,0.1764698961964855,0.17638362863099938,-8.626756548613113e-05,0.573067827888641,0.4508788438672324,0.6398965317625471,0.14019635269536465,0.002416852883143891,168494,41507,28621,16379,0.2829527001347476,0.3639777777777778,0.19765143975504879,0.6360222222222223,0.275010686232603
P6_fixed,1,split,isotonic,both_observed,202507,35711,0.17634452142395077,0.17639044664873255,4.592522478177874e-05,0.5729203242010519,0.4508560292356212,0.6404270247084656,0.14005603859053078,0.0023440744742267428,133613,33183,22653,13058,0.2823900867195779,0.36565764050292626,0.19894361975107316,0.6343423594970737,0.27572380214017295
P6_fixed,1,split,isotonic,departure_missing,24810,4392,0.17702539298669892,0.1760798457619852,-0.0009455472247137109,0.5720663220031669,0.45109737784690135,0.6394401632475077,0.140885746278495,0.007948173019378836,16381,4037,2805,1587,0.28218349928876246,0.36133879781420764,0.19771770006856695,0.6386612021857924,0.27577589681580006
P6_fixed,1,split,isotonic,arrival_missing,24653,4378,0.177584878108141,0.17801797196682528,0.00043309385868428585,0.578100517899663,0.45023898347360647,0.6435930239697534,0.1405002523521459,0.001329350833018211,16181,4094,2705,1673,0.2900988382174441,0.38213796253997256,0.20192355117139335,0.6178620374600274,0.2757879365594451
P6_fixed,1,split,isotonic,both_missing,3031,519,0.17123061695809963,0.16512156673889952,-0.006109050219200107,0.5173704999783534,0.4558187227363147,0.5646438520918475,0.14145623240222674,0.01756201888062985,2319,193,458,61,0.24015748031496062,0.11753371868978806,0.0768312101910828,0.882466281310212,0.21478060046189376
P6_clean,1,shared,none,overall,255001,45000,0.1764698961964855,0.17433874030187357,-0.0021311558946119358,0.5750685950046586,0.44775069126438716,0.6422511471638496,0.139971833230539,0.004359696022416198,171881,38120,29491,15509,0.2891905498890526,0.3446444444444444,0.1815229451288327,0.6553555555555556,0.26514013670534625
P6_clean,1,shared,none,both_observed,202507,35711,0.17634452142395077,0.17432890089743008,-0.002015620526520684,0.5748430506190383,0.44743640392254613,0.6426619096866933,0.13984155216056882,0.0040911116453551544,136284,30512,23346,12365,0.2883830491872099,0.3462518551706757,0.18293004628408355,0.6537481448293243,0.2659562385497785
P6_clean,1,shared,none,departure_missing,24810,4392,0.17702539298669892,0.1743784645933846,-0.0026469283933143184,0.5750888637865422,0.44907698905174104,0.6420427199490575,0.14064585594628232,0.009969489974043975,16698,3720,2875,1517,0.2896696582012603,0.3454007285974499,0.1821921833676168,0.6545992714025501,0.26582023377670294
P6_clean,1,shared,none,arrival_missing,24653,4378,0.177584878108141,0.17507180905437392,-0.002513069053767081,0.581012336355979,0.44813333844269115,0.6465405099705455,0.14022269583188107,0.0074405314227161574,16561,3714,2800,1578,0.2981859410430839,0.3604385564184559,0.18318125770653515,0.6395614435815441,0.26422747738611935
P6_clean,1,shared,none,both_missing,3031,519,0.17123061695809963,0.16870846799829917,-0.002522148959800463,0.5055114200595829,0.45478023192529526,0.5719371678755079,0.1411185865621049,0.009026209293451127,2338,174,470,49,0.21973094170403587,0.09441233140655106,0.06926751592356688,0.905587668593449,0.21247113163972287
P6_clean,1,shared,platt,overall,255001,45000,0.1764698961964855,0.1763473526570936,-0.00012254353939192275,0.5743099341439507,0.44770422444326763,0.6422571705214102,0.13996333441199882,0.0037148803783991526,171635,38366,29493,15507,0.2878436322462087,0.3446,0.18269436812205656,0.6554,0.2661126819110513
P6_clean,1,shared,platt,both_observed,202507,35711,0.17634452142395077,0.17633933632103618,-5.185102914584405e-06,0.5741002672962685,0.4473955685690039,0.6426657440162857,0.13983409480898598,0.0032329838914458685,136113,30683,23354,12357,0.2871050185873606,0.34602783456077957,0.18395525072543706,0.6539721654392204,0.26684015861180105
P6_clean,1,shared,platt,departure_missing,24810,4392,0.17702539298669892,0.1763960517620965,-0.0006293412246024255,0.5759137137074658,0.4490437268056289,0.6420027091796036,0.14065324921737202,0.008729253489809219,16671,3747,2858,1534,0.2904752887710661,0.3492714025500911,0.18351454598883338,0.650728597449909,0.26622329705763803
P6_clean,1,shared,platt,arrival_missing,24653,4378,0.177584878108141,0.17712049621540418,-0.00046438189273681485,0.5787204945118287,0.4480056374348878,0.6466347486789401,0.140182093371708,0.006939167873132105,16519,3756,2810,1568,0.29451540195341847,0.3581544084056647,0.18525277435265106,0.6418455915943353,0.26633675414756824
P6_clean,1,shared,platt,both_missing,3031,519,0.17123061695809963,0.17019586180517154,-0.0010347551529280852,0.5030152595329578,0.4549101588005591,0.5715682258876085,0.14117154072420632,0.009330017786660379,2332,180,471,48,0.21052631578947367,0.09248554913294797,0.07165605095541401,0.9075144508670521,0.21478060046189376
P6_clean,1,shared,isotonic,overall,255001,45000,0.1764698961964855,0.17633195468087828,-0.00013794151560722612,0.5741907426464359,0.4497701487624769,0.6414637183738279,0.14000380034051108,0.0019738535917611434,169617,40384,28863,16137,0.2855045027511898,0.3586,0.1923038461721611,0.6414,0.2715557978204007
P6_clean,1,shared,isotonic,both_observed,202507,35711,0.17634452142395077,0.17631989975016224,-2.462167378852742e-05,0.5741234451113426,0.4498611934492951,0.6418079480434914,0.1398944256437091,0.002167803245144705,134515,32281,22842,12869,0.2850276854928018,0.3603651535941307,0.19353581620662366,0.6396348464058693,0.2722029361947982
P6_clean,1,shared,isotonic,departure_missing,24810,4392,0.17702539298669892,0.17650285066282895,-0.0005225423238699733,0.5744184604192983,0.45024769529274383,0.6413408309143991,0.14060881439986833,0.0064600379518066475,16473,3945,2810,1582,0.28623122851456484,0.36020036429872493,0.19321187187775493,0.6397996357012751,0.27226924627166466
P6_clean,1,shared,isotonic,arrival_missing,24653,4378,0.177584878108141,0.17716459348460062,-0.000420284623540379,0.5785425704488393,0.447929898225719,0.6459122199947163,0.14015996503272662,0.001496327792251743,16330,3945,2750,1628,0.29212273461331417,0.37185929648241206,0.19457459926017262,0.628140703517588,0.27156938303654726
P6_clean,1,shared,isotonic,both_missing,3031,519,0.17123061695809963,0.1689661460745262,-0.0022644708835734273,0.5094951115038129,0.45474625588001444,0.5732127406943779,0.1410888596461639,0.008464904084647402,2299,213,461,58,0.2140221402214022,0.11175337186897881,0.08479299363057324,0.8882466281310212,0.22236885516331245
P6_clean,1,split,none,overall,255001,45000,0.1764698961964855,0.17408735726215877,-0.0023825389343267445,0.5742451410313955,0.44780631064090226,0.6420470165485984,0.13998938209824718,0.004080795879142192,172370,37631,29730,15270,0.2886523884236593,0.3393333333333333,0.17919438478864386,0.6606666666666666,0.26415974839314355
P6_clean,1,split,none,both_observed,202507,35711,0.17634452142395077,0.1740508408184763,-0.0022936806054744685,0.5740709469789524,0.44750125426986753,0.6424331447255947,0.1398614393883094,0.003505276497976723,136717,30079,23546,12165,0.28796988921503647,0.34065133992327296,0.18033406076884337,0.6593486600767271,0.26480566103887765
P6_clean,1,split,none,departure_missing,24810,4392,0.17702539298669892,0.17422709713322618,-0.002798295853472743,0.5738352214929848,0.44917436093172425,0.6414868401144674,0.14067003118242585,0.009173786543787504,16721,3697,2895,1497,0.28821717366191757,0.34084699453551914,0.1810657263199138,0.6591530054644809,0.2656993147924224
P6_clean,1,split,none,arrival_missing,24653,4378,0.177584878108141,0.17492140850445698,-0.002663469603684021,0.5798687886142851,0.44814069112620647,0.6464866423812821,0.14022985076971295,0.005230381676423815,16602,3673,2825,1553,0.29716800612323,0.35472818638647785,0.18115906288532677,0.6452718136135221,0.26357846915182737
P6_clean,1,split,none,both_missing,3031,519,0.17123061695809963,0.16859940740509613,-0.0026312095530034996,0.5118768410325139,0.45426993344183764,0.5765531613956285,0.1410102057291451,0.01085754952914528,2330,182,464,55,0.2320675105485232,0.10597302504816955,0.07245222929936306,0.8940269749518305,0.21313097987462884
P6_clean,1,split,platt,overall,255001,45000,0.1764698961964855,0.1763506958151116,-0.00011920038137391842,0.5744030656535245,0.447774066763236,0.6420481787652863,0.13997984077361958,0.004051232067166325,170737,39264,29199,15801,0.2869517842549714,0.35113333333333335,0.18697053823553222,0.6488666666666667,0.26848130007333304
P6_clean,1,split,platt,both_observed,202507,35711,0.17634452142395077,0.17631468271075396,-2.9838713196811417e-05,0.5741085521332581,0.4474762920345458,0.6424114875375652,0.1398541610345264,0.0036741303696652405,135418,31378,23133,12578,0.28614978614978615,0.35221640390915965,0.1881220173145639,0.6477835960908404,0.269180818440844
P6_clean,1,split,platt,departure_missing,24810,4392,0.17702539298669892,0.1764906920724025,-0.0005347009142964154,0.5750625730780473,0.4491488027285158,0.6415226245512504,0.14066733656542182,0.00850455257600411,16559,3859,2831,1561,0.2880073800738007,0.35541894353369763,0.18899990204721323,0.6445810564663024,0.26964933494558646
P6_clean,1,split,platt,arrival_missing,24653,4378,0.177584878108141,0.1771914621137741,-0.00039341599436690244,0.5798356937450546,0.44802213682874675,0.6467152036384141,0.14018982500803975,0.0062772824931768235,16441,3834,2773,1605,0.29509100937672367,0.3666057560529922,0.18909987669543774,0.6333942439470077,0.26799983774794145
P6_clean,1,split,platt,both_missing,3031,519,0.17123061695809963,0.17077240053956988,-0.0004582164185297499,0.5122480632343869,0.45439847994675037,0.5758720377256605,0.14104137656998295,0.006992026605465743,2319,193,462,57,0.228,0.10982658959537572,0.0768312101910828,0.8901734104046243,0.2161002969317057
P6_clean,1,split,isotonic,overall,255001,45000,0.1764698961964855,0.1762905684702576,-0.00017932772622791804,0.5738718389231308,0.4508133586223291,0.6410538713836811,0.14008483490601115,0.0025575762936224213,166272,43729,27799,17201,0.28230756605941243,0.38224444444444444,0.20823234175075356,0.6177555555555555,0.2805008607809381
P6_clean,1,split,isotonic,both_observed,202507,35711,0.17634452142395077,0.1762638395717943,-8.068185215645562e-05,0.5735247052330905,0.4513001751275521,0.6412455622432287,0.13998128268169074,0.002701240704949066,131847,34949,22016,13695,0.28153523558917853,0.38349528156590407,0.20953140363078251,0.6165047184340959,0.2812989180620917
P6_clean,1,split,isotonic,departure_missing,24810,4392,0.17702539298669892,0.17648440968628037,-0.000540983300418546,0.5751459294267571,0.4491299939394675,0.6403954761245881,0.1406680274145951,0.007272296553021988,16143,4275,2693,1699,0.28439906260462,0.38683970856102,0.20937408169262414,0.61316029143898,0.28085449415558245
P6_clean,1,split,isotonic,arrival_missing,24653,4378,0.177584878108141,0.17721321379790878,-0.00037166431023222257,0.5789034782252331,0.44801646081080243,0.6469965847621697,0.14021496250895876,0.002546298021959889,16007,4268,2637,1741,0.28973206856382094,0.39767016902695296,0.2105055487053021,0.602329830973047,0.2800876161116294
P6_clean,1,split,isotonic,both_missing,3031,519,0.17123061695809963,0.16898526104993192,-0.002245355908167712,0.5144522761464312,0.45481614631819955,0.5764507627357854,0.14117127778196295,0.011760228025619648,2275,237,453,66,0.21782178217821782,0.12716763005780346,0.09434713375796179,0.8728323699421965,0.22764764104256022
P6_fixed,7,shared,none,overall,255001,45000,0.1764698961964855,0.17461420027887314,-0.0018556959176123655,0.5772582751266085,0.44737475280647837,0.6433219858741412,0.13983081962927799,0.005144223476680827,172299,37702,29394,15606,0.29275155698957006,0.3468,0.17953247841676945,0.6532,0.2631205367822087
P6_fixed,7,shared,none,both_observed,202507,35711,0.17634452142395077,0.1746800390837661,-0.0016644823401846809,0.5776031590913664,0.4470225722919996,0.6440675279241688,0.13969934224566988,0.005286609468361234,136669,30127,23238,12473,0.2927934272300469,0.3492761334042732,0.1806218374541356,0.6507238665957268,0.2635217548035377
P6_fixed,7,shared,none,departure_missing,24810,4392,0.17702539298669892,0.1744839586305378,-0.0025414343561611097,0.5745734295045547,0.4490509015226419,0.6406908287555125,0.14054461528026124,0.00668590915606608,16694,3724,2879,1513,0.28890586213481,0.34448998178506374,0.18238808894113037,0.6555100182149363,0.266142684401451
P6_fixed,7,shared,none,arrival_missing,24653,4378,0.177584878108141,0.17523496098021213,-0.002349917127928869,0.5813447730049821,0.4477523992001554,0.6470450616494647,0.14005022837609382,0.006773307629173413,16590,3685,2806,1572,0.29902986494198214,0.3590680676107812,0.181750924784217,0.6409319323892189,0.2632945280493246
P6_fixed,7,shared,none,both_missing,3031,519,0.17123061695809963,0.1662324328300504,-0.004998184128049227,0.5057170001103386,0.45411300858154413,0.5770950689100794,0.1409877766026137,0.012608066127617031,2346,166,471,48,0.22429906542056074,0.09248554913294797,0.0660828025477707,0.9075144508670521,0.21016166281755197
P6_fixed,7,shared,platt,overall,255001,45000,0.1764698961964855,0.17659784948706347,0.00012795329057796456,0.5769370841584225,0.44729787962982887,0.6433277644709627,0.13981577444069107,0.002932952426245968,171315,38686,29115,15885,0.2910886734712576,0.353,0.18421817038966481,0.647,0.2658852318226203
P6_fixed,7,shared,platt,both_observed,202507,35711,0.17634452142395077,0.17667589073739573,0.00033136931344496245,0.5770265407748904,0.44695056855781784,0.6440752457737108,0.13968577607529117,0.0031274673827566394,135878,30918,23034,12677,0.29079022823718315,0.354988658956624,0.18536415741384685,0.645011341043376,0.266420420034863
P6_fixed,7,shared,platt,departure_missing,24810,4392,0.17702539298669892,0.17645227948806957,-0.0005731134986293462,0.5755626715730222,0.44901592873727003,0.6406793094899479,0.1405536086991434,0.004574434491513782,16597,3821,2838,1554,0.28911627906976745,0.35382513661202186,0.18713879909883435,0.6461748633879781,0.26839983877468765
P6_fixed,7,shared,platt,arrival_missing,24653,4378,0.177584878108141,0.17725043322384543,-0.0003344448842955705,0.5818515347244038,0.44757849857782106,0.6470365334124946,0.1399931143166492,0.004632996399228991,16508,3767,2774,1604,0.2986408490039099,0.3663773412517131,0.18579531442663377,0.6336226587482869,0.265322678781487
P6_fixed,7,shared,platt,both_missing,3031,519,0.17123061695809963,0.16726744543926644,-0.003963171518833186,0.5056790696774444,0.45415701060285874,0.5774057165298283,0.14101932147726126,0.012435094399523124,2332,180,469,50,0.21739130434782608,0.09633911368015415,0.07165605095541401,0.9036608863198459,0.2141207522269878
P6_fixed,7,shared,isotonic,overall,255001,45000,0.1764698961964855,0.17661849640534064,0.00014860020885512637,0.5760075056176404,0.44799730308103997,0.6428292929822027,0.13982669163077147,0.0009930461341735401,174583,35418,30233,14767,0.2942512702998904,0.32815555555555553,0.16865633973171557,0.6718444444444445,0.2574538923376771
P6_fixed,7,shared,isotonic,both_observed,202507,35711,0.17634452142395077,0.17666305021235465,0.0003185287884038823,0.5762938514602429,0.44781883695922836,0.6436054226272014,0.13969311418432112,0.0013988582758606488,138494,28302,23915,11796,0.29417926081101303,0.33031838929181484,0.16968032806542124,0.6696816107081851,0.257852814964421
P6_fixed,7,shared,isotonic,departure_missing,24810,4392,0.17702539298669892,0.1766213805843326,-0.0004040124023663161,0.5737341461504268,0.44886558870271487,0.6405860959944447,0.14053084123540424,0.0035396322857663663,16928,3490,2960,1432,0.29093864282811865,0.32604735883424407,0.17092761289058675,0.6739526411657559,0.2599758162031439
P6_fixed,7,shared,isotonic,arrival_missing,24653,4378,0.177584878108141,0.17741490735334944,-0.0001699707547915541,0.5802829711674539,0.44766330657707565,0.6463260591715442,0.1400233406803701,0.002993308375949495,16810,3465,2887,1491,0.3008474576271186,0.3405664687071722,0.17090012330456228,0.6594335312928278,0.25765626901391314
P6_fixed,7,shared,isotonic,both_missing,3031,519,0.17123061695809963,0.16714045833901425,-0.004090158619085377,0.5066914712584004,0.45553029168816156,0.5693307959942564,0.14138803351055354,0.013059652024531881,2351,161,471,48,0.22966507177033493,0.09248554913294797,0.06409235668789809,0.9075144508670521,0.20851204223028702
P6_fixed,7,split,none,overall,255001,45000,0.1764698961964855,0.17461420027887314,-0.0018556959176123655,0.5762074460556821,0.44737475280647837,0.6433219858741412,0.13983081962927799,0.005144223476680827,173278,36723,29810,15190,0.29260493518001274,0.33755555555555555,0.17487059585430545,0.6624444444444444,0.26091270230312824
P6_fixed,7,split,none,both_observed,202507,35711,0.17634452142395077,0.1746800390837661,-0.0016644823401846809,0.5766303355273679,0.4470225722919996,0.6440675279241688,0.13969934224566988,0.005286609468361234,137465,29331,23569,12142,0.29276878933281897,0.3400072806698216,0.17584954075637305,0.6599927193301783,0.2612255378826411
P6_fixed,7,split,none,departure_missing,24810,4392,0.17702539298669892,0.1744839586305378,-0.0025414343561611097,0.5734680201572976,0.4490509015226419,0.6406908287555125,0.14054461528026124,0.00668590915606608,16799,3619,2923,1469,0.2887185534591195,0.334471766848816,0.17724556763639926,0.6655282331511839,0.26368399838774687
P6_fixed,7,split,none,arrival_missing,24653,4378,0.177584878108141,0.17523496098021213,-0.002349917127928869,0.5798134691688025,0.4477523992001554,0.6470450616494647,0.14005022837609382,0.006773307629173413,16672,3603,2848,1530,0.29807130333138515,0.349474645957058,0.17770653514180024,0.650525354042942,0.2616720074635947
P6_fixed,7,split,none,both_missing,3031,519,0.17123061695809963,0.1662324328300504,-0.004998184128049227,0.5062904798845134,0.45411300858154413,0.5770950689100794,0.1409877766026137,0.012608066127617031,2342,170,470,49,0.2237442922374429,0.09441233140655106,0.06767515923566879,0.905587668593449,0.21115143516991092
P6_fixed,7,split,platt,overall,255001,45000,0.1764698961964855,0.17687325867628467,0.00040336247979916307,0.5767441194486772,0.4473062739960141,0.6433061005529603,0.13981772477380303,0.0028703498124305806,173343,36658,29775,15225,0.29344872116107396,0.3383333333333333,0.17456107351869754,0.6616666666666666,0.26052054697824717
P6_fixed,7,split,platt,both_observed,202507,35711,0.17634452142395077,0.17695265233946117,0.000608130915510402,0.5770244543997012,0.44695580919845584,0.6440571801533055,0.139686702620527,0.003150602740955678,137514,29282,23552,12159,0.29340508192369874,0.34048332446585083,0.1755557687234706,0.6595166755341492,0.26089962322290094
P6_fixed,7,split,platt,departure_missing,24810,4392,0.17702539298669892,0.17672368701313212,-0.00030170597356679596,0.5737872859793398,0.4490270456939589,0.6406838480582779,0.1405583537950314,0.004428121238277718,16790,3628,2917,1475,0.2890456594160298,0.33583788706739526,0.17768635517680478,0.6641621129326047,0.2638049173720274
P6_fixed,7,split,platt,arrival_missing,24653,4378,0.177584878108141,0.1775285660462292,-5.631206191178406e-05,0.5817212054224712,0.44761021981734955,0.6469652544754937,0.14000105131722437,0.00424104589990321,16698,3577,2837,1541,0.301094177413052,0.3519872087711284,0.1764241676942047,0.6480127912288717,0.2601711759217945
P6_fixed,7,split,platt,both_missing,3031,519,0.17123061695809963,0.16746309959435998,-0.0037675173637396475,0.5074397960530993,0.4541640940553061,0.5770321723549698,0.14101810349430025,0.01280399338999417,2341,171,469,50,0.22624434389140272,0.09633911368015415,0.06807324840764331,0.9036608863198459,0.21115143516991092
P6_fixed,7,split,isotonic,overall,255001,45000,0.1764698961964855,0.17687957490784745,0.00040967871136193823,0.5765619424492977,0.44890722111005693,0.6427515655745555,0.13985610418317843,0.001887296497005591,171690,38311,29274,15726,0.291022817698984,0.34946666666666665,0.18243246460731138,0.6505333333333333,0.2650381763208772
P6_fixed,7,split,isotonic,both_observed,202507,35711,0.17634452142395077,0.17692072415575566,0.0005762027318048923,0.5768411112065408,0.4489536346327628,0.6434779383453487,0.13973084814090636,0.0021239163703631733,136186,30610,23148,12563,0.2909920552196975,0.3517963652656044,0.1835175903498885,0.6482036347343956,0.26546242845926316
P6_fixed,7,split,isotonic,departure_missing,24810,4392,0.17702539298669892,0.1768288588740855,-0.0001965341126134168,0.5742689244144162,0.4488427963751257,0.6412595269790344,0.14051637641783626,0.0032668291852669886,16643,3775,2866,1526,0.2878702131673269,0.34744990892531874,0.18488588500342834,0.6525500910746812,0.26767432486900444
P6_fixed,7,split,isotonic,arrival_missing,24653,4378,0.177584878108141,0.17763400014401312,4.912203587212338e-05,0.5805214385166599,0.44781124999468774,0.6457616971754863,0.1400495838596184,0.005137674042161261,16527,3748,2794,1584,0.2970742685671418,0.36180904522613067,0.18485819975339088,0.6381909547738693,0.2653632417961303
P6_fixed,7,split,isotonic,both_missing,3031,519,0.17123061695809963,0.16840923795775886,-0.002821379000340768,0.5100491967871487,0.45524779858886394,0.5705841249094903,0.14124640993944887,0.013348752182773978,2334,178,466,53,0.22943722943722944,0.10211946050096339,0.07085987261146497,0.8978805394990366,0.21247113163972287
P6_clean,7,shared,none,overall,255001,45000,0.1764698961964855,0.17401749551592324,-0.0024524006805622667,0.5750597287568888,0.4477545826854919,0.6418435037081833,0.13994689069794547,0.0038781066499443267,174574,35427,30326,14674,0.2928883655016866,0.3260888888888889,0.16869919667049205,0.6739111111111111,0.2578538907690558
P6_clean,7,shared,none,both_observed,202507,35711,0.17634452142395077,0.1740242199110653,-0.002320301512885481,0.5750052379047298,0.44751843310752926,0.6422851349697011,0.1398527424466056,0.0036198434547960487,138446,28350,24004,11707,0.2922585315924807,0.3278261600067206,0.16996810475071344,0.6721738399932794,0.25852933478842705
P6_clean,7,shared,none,departure_missing,24810,4392,0.17702539298669892,0.17397819807441742,-0.0030471949122815034,0.5756437129496886,0.44890549106830785,0.6402824914211023,0.14047725207895007,0.006587075112583186,16970,3448,2954,1438,0.2943102742529677,0.3274134790528233,0.16887060436869428,0.6725865209471766,0.2580411124546554
P6_clean,7,shared,none,arrival_missing,24653,4378,0.177584878108141,0.1746032898923633,-0.0029815882157777085,0.5795672227137709,0.44783154772139905,0.6461690078010274,0.14007633914179837,0.004619140795115492,16832,3443,2901,1477,0.30020325203252035,0.33736866148926453,0.1698150431565968,0.6626313385107355,0.2573317648967671
P6_clean,7,shared,none,both_missing,3031,519,0.17123061695809963,0.16912526314190335,-0.0021053538161962815,0.5071464944837812,0.4534855251390027,0.5857843814047102,0.14084300471479047,0.010309622327137854,2326,186,467,52,0.2184873949579832,0.1001926782273603,0.07404458598726114,0.8998073217726397,0.21544044869679974
P6_clean,7,shared,platt,overall,255001,45000,0.1764698961964855,0.1766204469458917,0.00015055074940620305,0.5753548512173602,0.44774108340982116,0.64184198678419,0.13994113673766817,0.0034020672149869388,172569,37432,29677,15323,0.2904558809591508,0.3405111111111111,0.178246770253475,0.6594888888888889,0.26317151697444324
P6_clean,7,shared,platt,both_observed,202507,35711,0.17634452142395077,0.1766260650798093,0.00028154365585852936,0.5754448882291934,0.44749676706615205,0.6422947445494346,0.13984511801051558,0.0034875360138925354,136872,29924,23481,12230,0.29012667836978695,0.3424715073786788,0.17940478188925393,0.6575284926213212,0.26371927883974383
P6_clean,7,shared,platt,departure_missing,24810,4392,0.17702539298669892,0.1765756680631612,-0.00044972492353773097,0.5746198944957309,0.44891595385516875,0.6402841195070388,0.14047962711322834,0.0047938651623485404,16756,3662,2898,1494,0.2897595034910784,0.3401639344262295,0.1793515525516701,0.6598360655737705,0.26440951229343007
P6_clean,7,shared,platt,arrival_missing,24653,4378,0.177584878108141,0.17721992796994362,-0.000364950138197373,0.5793222958162798,0.4478611058866859,0.6461022915271346,0.14007808946633232,0.004473694938062319,16622,3653,2837,1541,0.2966884867154409,0.3519872087711284,0.18017262638717632,0.6480127912288717,0.2632539650346814
P6_clean,7,shared,platt,both_missing,3031,519,0.17123061695809963,0.17173567193742786,0.0005050549793282344,0.5135332921047207,0.4534713110364118,0.5851692224144913,0.14083464466973375,0.00682595204337396,2319,193,461,58,0.23107569721115537,0.11175337186897881,0.0768312101910828,0.8882466281310212,0.2157703728142527
P6_clean,7,shared,isotonic,overall,255001,45000,0.1764698961964855,0.17659454201416644,0.00012464581768092953,0.5753881435730901,0.44898902475390934,0.6411440860334527,0.13996785043436558,0.0017221441906076725,172299,37702,29589,15411,0.2901549526481276,0.34246666666666664,0.17953247841676945,0.6575333333333333,0.2638852396657268
P6_clean,7,shared,isotonic,both_observed,202507,35711,0.17634452142395077,0.17657421626048408,0.00022969483653331735,0.5755871666377865,0.449052580239413,0.6416045501131545,0.13987217164940843,0.002031080947572399,136658,30138,23402,12309,0.2899851579616934,0.34468371090140293,0.1806877862778484,0.6553162890985971,0.2643859224619396
P6_clean,7,shared,isotonic,departure_missing,24810,4392,0.17702539298669892,0.17672920537421516,-0.00029618761248376146,0.5749679717529168,0.4488072863325313,0.6400818800101556,0.1404536588476772,0.002253151825413195,16729,3689,2886,1506,0.28989412897016364,0.34289617486338797,0.18067391517288667,0.657103825136612,0.2650141072148327
P6_clean,7,shared,isotonic,arrival_missing,24653,4378,0.177584878108141,0.17719529063137623,-0.00038958747676476335,0.5784111787562112,0.44799907644960557,0.6451441604390071,0.1401332728428731,0.003179408569096534,16593,3682,2837,1541,0.29504116408194525,0.3519872087711284,0.18160295930949444,0.6480127912288717,0.2644302924593356
P6_clean,7,shared,isotonic,both_missing,3031,519,0.17123061695809963,0.17196400878357598,0.0007333918254763538,0.509668293007228,0.45428222669303603,0.5792416056109864,0.1410383084792739,0.007952960135659857,2319,193,464,55,0.2217741935483871,0.10597302504816955,0.0768312101910828,0.8940269749518305,0.21676014516661168
P6_clean,7,split,none,overall,255001,45000,0.1764698961964855,0.17415581559844634,-0.00231408059803917,0.5745062886812962,0.4477670640023894,0.6417577514710247,0.13994753661997755,0.004035855004733513,176015,33986,30816,14184,0.29445713099439486,0.3152,0.16183732458416863,0.6848,0.25412449362943673
P6_clean,7,split,none,both_observed,202507,35711,0.17634452142395077,0.17417623544801683,-0.002168285975933937,0.5746660407333615,0.44752948481879656,0.6422074753153604,0.139853587976363,0.0036646606305768895,139606,27190,24382,11329,0.2941145927983593,0.3172411861891294,0.1630135015228183,0.6827588138108706,0.2546677398805967
P6_clean,7,split,none,departure_missing,24810,4392,0.17702539298669892,0.1741412499924412,-0.00288414299425771,0.5740359464158686,0.44878148190950673,0.6407615557079267,0.14043679657641425,0.007066883301613403,17100,3318,3009,1383,0.29419272495213783,0.31489071038251365,0.16250367322950338,0.6851092896174863,0.2550181378476421
P6_clean,7,split,none,arrival_missing,24653,4378,0.177584878108141,0.17462435934219253,-0.0029605187659484666,0.5784098943018271,0.44799124899619713,0.6455656153201834,0.14011797045102775,0.005019994243510907,16970,3305,2955,1423,0.3009729272419628,0.3250342622201919,0.1630086313193588,0.6749657377798082,0.25392447166673426
P6_clean,7,split,none,both_missing,3031,519,0.17123061695809963,0.16909979491003987,-0.002130822048059755,0.5057058820993182,0.453513321608434,0.5842188708074076,0.1408333872357405,0.01015309794592319,2339,173,470,49,0.22072072072072071,0.09441233140655106,0.06886942675159236,0.905587668593449,0.21214120752226986
P6_clean,7,split,platt,overall,255001,45000,0.1764698961964855,0.1768792648162047,0.0004093686197191859,0.5746744048421608,0.4477687057077957,0.6417291643055667,0.13994938424186704,0.0033401338293612675,174706,35295,30405,14595,0.2925435959110042,0.3243333333333333,0.16807062823510363,0.6756666666666666,0.25764604844686884
P6_clean,7,split,platt,both_observed,202507,35711,0.17634452142395077,0.17689809041781732,0.0005535689938665489,0.5749024258308701,0.44752121521690214,0.6421666065226969,0.13985152824953537,0.0034728080599522983,138550,28246,24044,11667,0.2923107759376644,0.3267060569572401,0.16934458859924698,0.6732939430427599,0.2582132963304972
P6_clean,7,split,platt,departure_missing,24810,4392,0.17702539298669892,0.1768610387296332,-0.0001643542570657075,0.5737787910293024,0.44884058602987514,0.6407450406718169,0.14046102111669312,0.004024948565752514,16959,3459,2969,1423,0.29147890208930766,0.32399817850637525,0.16940934469585658,0.6760018214936248,0.25908907698508665
P6_clean,7,split,platt,arrival_missing,24653,4378,0.177584878108141,0.1773742517498321,-0.00021062635830890186,0.5782694532954942,0.44801465696826803,0.6456416371736499,0.14012784654342558,0.004840539683870584,16868,3407,2925,1453,0.2989711934156379,0.33188670625856553,0.16803945745992602,0.6681132937414345,0.25684500872104815
P6_clean,7,split,platt,both_missing,3031,519,0.17123061695809963,0.17174464265432962,0.0005140256962299916,0.5077371826520801,0.45352976464021794,0.5843438968864672,0.1408478274798596,0.007743708735550015,2329,183,467,52,0.22127659574468084,0.1001926782273603,0.07285031847133758,0.8998073217726397,0.2144506763444408
P6_clean,7,split,isotonic,overall,255001,45000,0.1764698961964855,0.17687231877094778,0.0004024225744622689,0.5746245411461417,0.449279885307934,0.6406450180925065,0.14001114891359503,0.0022530960937023727,174456,35545,30334,14666,0.2920873912090976,0.3259111111111111,0.16926109875667258,0.6740888888888888,0.25834800647840594
P6_clean,7,split,isotonic,both_observed,202507,35711,0.17634452142395077,0.17685353481010035,0.0005090133861495871,0.5749177621458852,0.44935408131639154,0.641157393480368,0.13990657436116286,0.002645426438727429,138351,28445,23982,11729,0.29195499576840744,0.3284422166839349,0.17053766277368762,0.6715577833160651,0.2588898161545033
P6_clean,7,split,isotonic,departure_missing,24810,4392,0.17702539298669892,0.17704820771352278,2.2814726823860987e-05,0.5739245579638541,0.44899681242689476,0.6398050440689409,0.14051034334329748,0.0017994432387424255,16944,3474,2963,1429,0.2914542117071181,0.3253642987249545,0.17014399059653249,0.6746357012750456,0.25945183393792826
P6_clean,7,split,isotonic,arrival_missing,24653,4378,0.177584878108141,0.17735218315434878,-0.00023269495379221738,0.5774666113182569,0.44830988657666393,0.6439104276003942,0.14024158491740124,0.0039354997544855256,16836,3439,2923,1455,0.2973028197793216,0.3323435358611238,0.1696177558569667,0.6676564641388762,0.2580618991603456
P6_clean,7,split,isotonic,both_missing,3031,519,0.17123061695809963,0.17278455309957472,0.0015539361414750874,0.5082597987516451,0.45452937584435354,0.5821014812905759,0.14103758450799467,0.01120180706649339,2325,187,466,53,0.22083333333333333,0.10211946050096339,0.07444267515923567,0.8978805394990366,0.21544044869679974
