stratum,picking_order_rank,non_empty_population_rows,selected_rows
2018|fall|Alaska|large,0,272,1
2019|fall|Alaska|large,1,182,1
2018|spring|Alaska|large,2,255,1
2019|spring|Alaska|large,3,207,1
2018|summer|Alaska|large,4,147,1
2019|summer|Alaska|large,5,305,1
2018|winter|Alaska|large,6,184,1
2019|winter|Alaska|large,7,161,1
2018|fall|Hawaii|large,8,1534,1
2019|fall|Hawaii|large,9,1227,1
2018|spring|Hawaii|large,10,1443,1
2019|spring|Hawaii|large,11,1178,1
2018|summer|Hawaii|large,12,1080,1
2019|summer|Hawaii|large,13,1395,1
2018|winter|Hawaii|large,14,1499,1
2019|winter|Hawaii|large,15,1147,1
2018|fall|Midwest:Chicago|large,16,14305,1
2019|fall|Midwest:Chicago|large,17,10120,1
2018|spring|Midwest:Chicago|large,18,8468,1
2019|spring|Midwest:Chicago|large,19,9990,1
2018|summer|Midwest:Chicago|large,20,9207,1
2019|summer|Midwest:Chicago|large,21,11003,1
2018|winter|Midwest:Chicago|large,22,9794,1
2019|winter|Midwest:Chicago|large,23,9227,1
2018|fall|Midwest:Denver|medium,24,91,1
2019|fall|Midwest:Denver|medium,25,86,1
2018|spring|Midwest:Denver|medium,26,44,1
2019|spring|Midwest:Denver|medium,27,71,1
2018|summer|Midwest:Denver|medium,28,63,1
2019|summer|Midwest:Denver|medium,29,107,1
2018|winter|Midwest:Denver|medium,30,38,1
2019|winter|Midwest:Denver|medium,31,42,1
2018|fall|Midwest:Detroit|large,32,2948,1
2019|fall|Midwest:Detroit|large,33,2062,1
2018|spring|Midwest:Detroit|large,34,1272,1
2019|spring|Midwest:Detroit|large,35,2213,1
2018|summer|Midwest:Detroit|large,36,807,1
2019|summer|Midwest:Detroit|large,37,2300,1
2018|winter|Midwest:Detroit|large,38,2047,1
2019|winter|Midwest:Detroit|large,39,1978,1
2018|fall|Midwest:Indianapolis|large,40,837,1
2019|fall|Midwest:Indianapolis|large,41,565,1
2018|spring|Midwest:Indianapolis|large,42,499,1
2019|spring|Midwest:Indianapolis|large,43,586,1
2018|summer|Midwest:Indianapolis|large,44,488,1
2019|summer|Midwest:Indianapolis|large,45,532,1
2018|winter|Midwest:Indianapolis|large,46,547,1
2019|winter|Midwest:Indianapolis|large,47,551,1
2018|fall|Midwest:New_York|large,48,1795,1
2019|fall|Midwest:New_York|large,49,1299,1
2018|spring|Midwest:New_York|large,50,1034,1
2019|spring|Midwest:New_York|large,51,1281,1
2018|summer|Midwest:New_York|large,52,1193,1
2019|summer|Midwest:New_York|large,53,1317,1
2018|winter|Midwest:New_York|large,54,1284,1
2019|winter|Midwest:New_York|large,55,1149,1
2018|fall|Non-contiguous territory|large,56,295,1
2019|fall|Non-contiguous territory|large,57,241,1
2018|spring|Non-contiguous territory|large,58,312,1
2019|spring|Non-contiguous territory|large,59,293,1
2018|summer|Non-contiguous territory|large,60,365,1
2019|summer|Non-contiguous territory|large,61,356,1
2018|winter|Non-contiguous territory|large,62,321,1
2019|winter|Non-contiguous territory|large,63,344,1
2018|fall|Northeast:New_York|large,64,16001,1
2019|fall|Northeast:New_York|large,65,10995,1
2018|spring|Northeast:New_York|large,66,8619,1
2019|spring|Northeast:New_York|large,67,11458,1
2018|summer|Northeast:New_York|large,68,9267,1
2019|summer|Northeast:New_York|large,69,11716,1
2018|winter|Northeast:New_York|large,70,10492,1
2019|winter|Northeast:New_York|large,71,10533,1
2018|fall|South:Chicago|large,72,15490,1
2019|fall|South:Chicago|large,73,11677,1
2018|spring|South:Chicago|large,74,8850,1
2019|spring|South:Chicago|large,75,11901,1
2018|summer|South:Chicago|large,76,10790,1
2019|summer|South:Chicago|large,77,12185,1
2018|winter|South:Chicago|large,78,10530,1
2019|winter|South:Chicago|large,79,10795,1
2018|fall|South:Denver|large,80,261,1
2019|fall|South:Denver|large,81,216,1
2018|spring|South:Denver|large,82,157,1
2019|spring|South:Denver|large,83,196,1
2018|summer|South:Denver|large,84,223,1
2019|summer|South:Denver|large,85,237,1
2018|winter|South:Denver|large,86,184,1
2019|winter|South:Denver|large,87,207,1
2018|fall|South:Louisville|large,88,430,1
2019|fall|South:Louisville|large,89,301,1
2018|spring|South:Louisville|large,90,204,1
2019|spring|South:Louisville|large,91,303,1
2018|summer|South:Louisville|large,92,247,1
2019|summer|South:Louisville|large,93,345,1
2018|winter|South:Louisville|large,94,265,1
2019|winter|South:Louisville|large,95,297,1
2018|fall|South:New_York|large,96,27806,1
2019|fall|South:New_York|large,97,19658,1
2018|spring|South:New_York|large,98,14470,1
2019|spring|South:New_York|large,99,21209,1
2018|summer|South:New_York|large,100,14814,1
2019|summer|South:New_York|large,101,21514,1
2018|winter|South:New_York|large,102,18782,1
2019|winter|South:New_York|large,103,19684,1
2018|fall|West:Boise|large,104,359,1
2019|fall|West:Boise|large,105,261,1
2018|spring|West:Boise|large,106,333,1
2019|spring|West:Boise|large,107,285,1
2018|summer|West:Boise|large,108,221,1
2019|summer|West:Boise|large,109,274,1
2018|winter|West:Boise|large,110,271,1
2019|winter|West:Boise|large,111,260,1
2018|fall|West:Denver|large,112,6684,1
2019|fall|West:Denver|large,113,5099,1
2018|spring|West:Denver|large,114,5039,1
2019|spring|West:Denver|large,115,4776,1
2018|summer|West:Denver|large,116,5374,1
2019|summer|West:Denver|large,117,5473,1
2018|winter|West:Denver|large,118,5232,1
2019|winter|West:Denver|large,119,4596,1
2018|fall|West:Los_Angeles|large,120,20828,1
2019|fall|West:Los_Angeles|large,121,14792,1
2018|spring|West:Los_Angeles|large,122,16549,1
2019|spring|West:Los_Angeles|large,123,14914,1
2018|summer|West:Los_Angeles|large,124,14600,1
2019|summer|West:Los_Angeles|large,125,15975,1
2018|winter|West:Los_Angeles|large,126,15767,1
2019|winter|West:Los_Angeles|large,127,14183,1
2018|fall|West:Phoenix|large,128,2905,1
2019|fall|West:Phoenix|large,129,2110,1
2018|spring|West:Phoenix|large,130,1547,1
2019|spring|West:Phoenix|large,131,2253,1
2018|summer|West:Phoenix|large,132,1863,1
2019|summer|West:Phoenix|large,133,2138,1
2018|winter|West:Phoenix|large,134,1974,1
2019|winter|West:Phoenix|large,135,2197,1
2018|fall|Alaska|medium,136,156,1
2019|fall|Alaska|medium,137,115,1
2018|spring|Alaska|medium,138,153,1
2019|spring|Alaska|medium,139,114,1
2018|summer|Alaska|medium,140,73,1
2019|summer|Alaska|medium,141,155,1
2018|winter|Alaska|medium,142,101,1
2019|winter|Alaska|medium,143,122,1
2018|fall|Hawaii|medium,144,156,1
2019|fall|Hawaii|medium,145,115,1
2018|spring|Hawaii|medium,146,166,1
2019|spring|Hawaii|medium,147,91,1
2018|summer|Hawaii|medium,148,114,1
2019|summer|Hawaii|medium,149,101,1
2018|winter|Hawaii|medium,150,141,1
2019|winter|Hawaii|medium,151,112,1
2018|fall|Midwest:Chicago|medium,152,1163,1
2019|fall|Midwest:Chicago|medium,153,846,1
2018|spring|Midwest:Chicago|medium,154,575,1
2019|spring|Midwest:Chicago|medium,155,794,1
2018|summer|Midwest:Chicago|medium,156,520,1
2019|summer|Midwest:Chicago|medium,157,907,1
2018|winter|Midwest:Chicago|medium,158,735,1
2019|winter|Midwest:Chicago|medium,159,712,1
2018|fall|Midwest:Denver|small,160,25,1
2019|fall|Midwest:Denver|small,161,10,1
2018|spring|Midwest:Denver|small,162,15,1
2019|spring|Midwest:Denver|small,163,13,1
2018|summer|Midwest:Denver|small,164,15,1
2019|summer|Midwest:Denver|small,165,12,1
2018|winter|Midwest:Denver|small,166,21,1
2019|winter|Midwest:Denver|small,167,7,1
2018|fall|Midwest:Detroit|medium,168,311,1
2019|fall|Midwest:Detroit|medium,169,227,1
2018|spring|Midwest:Detroit|medium,170,144,1
2019|spring|Midwest:Detroit|medium,171,221,1
2018|summer|Midwest:Detroit|medium,172,114,1
2019|summer|Midwest:Detroit|medium,173,277,1
2018|winter|Midwest:Detroit|medium,174,203,1
2019|winter|Midwest:Detroit|medium,175,203,1
2018|fall|Midwest:Indianapolis|medium,176,210,1
2019|fall|Midwest:Indianapolis|medium,177,167,1
2018|spring|Midwest:Indianapolis|medium,178,105,1
2019|spring|Midwest:Indianapolis|medium,179,158,1
2018|summer|Midwest:Indianapolis|medium,180,88,1
2019|summer|Midwest:Indianapolis|medium,181,157,1
2018|winter|Midwest:Indianapolis|medium,182,143,1
2019|winter|Midwest:Indianapolis|medium,183,154,1
2018|fall|Midwest:New_York|medium,184,154,1
2019|fall|Midwest:New_York|medium,185,115,1
2018|spring|Midwest:New_York|medium,186,71,1
2019|spring|Midwest:New_York|medium,187,126,1
2018|summer|Midwest:New_York|medium,188,111,1
2019|summer|Midwest:New_York|medium,189,127,1
2018|winter|Midwest:New_York|medium,190,91,1
2019|winter|Midwest:New_York|medium,191,105,1
2018|fall|Non-contiguous territory|medium,192,65,1
2019|fall|Non-contiguous territory|medium,193,47,1
2018|spring|Non-contiguous territory|medium,194,48,1
2019|spring|Non-contiguous territory|medium,195,80,1
2018|summer|Non-contiguous territory|medium,196,61,1
2019|summer|Non-contiguous territory|medium,197,69,1
2018|winter|Non-contiguous territory|medium,198,46,1
2019|winter|Non-contiguous territory|medium,199,74,1
2018|fall|Northeast:New_York|medium,200,655,1
2019|fall|Northeast:New_York|medium,201,470,1
2018|spring|Northeast:New_York|medium,202,325,1
2019|spring|Northeast:New_York|medium,203,471,1
2018|summer|Northeast:New_York|medium,204,443,1
2019|summer|Northeast:New_York|medium,205,506,1
2018|winter|Northeast:New_York|medium,206,415,1
2019|winter|Northeast:New_York|medium,207,437,1
2018|fall|South:Chicago|medium,208,1277,1
2019|fall|South:Chicago|medium,209,993,1
2018|spring|South:Chicago|medium,210,522,1
2019|spring|South:Chicago|medium,211,888,1
2018|summer|South:Chicago|medium,212,657,1
2019|summer|South:Chicago|medium,213,946,1
2018|winter|South:Chicago|medium,214,773,1
2019|winter|South:Chicago|medium,215,845,1
2018|fall|South:New_York|medium,216,1155,1
2019|fall|South:New_York|medium,217,845,1
2018|spring|South:New_York|medium,218,372,1
2019|spring|South:New_York|medium,219,884,1
2018|summer|South:New_York|medium,220,396,1
2019|summer|South:New_York|medium,221,887,1
2018|winter|South:New_York|medium,222,633,1
2019|winter|South:New_York|medium,223,868,1
2018|fall|West:Boise|medium,224,77,1
2019|fall|West:Boise|medium,225,55,1
2018|spring|West:Boise|medium,226,52,1
2019|spring|West:Boise|medium,227,50,1
2018|summer|West:Boise|medium,228,38,1
2019|summer|West:Boise|medium,229,75,1
2018|winter|West:Boise|medium,230,91,1
2019|winter|West:Boise|medium,231,83,1
2018|fall|West:Denver|medium,232,671,1
2019|fall|West:Denver|medium,233,496,1
2018|spring|West:Denver|medium,234,463,1
2019|spring|West:Denver|medium,235,577,1
2018|summer|West:Denver|medium,236,546,1
2019|summer|West:Denver|medium,237,669,1
2018|winter|West:Denver|medium,238,690,1
2019|winter|West:Denver|medium,239,651,1
2018|fall|West:Los_Angeles|medium,240,477,1
2019|fall|West:Los_Angeles|medium,241,475,1
2018|spring|West:Los_Angeles|medium,242,394,1
2019|spring|West:Los_Angeles|medium,243,431,1
2018|summer|West:Los_Angeles|medium,244,311,1
2019|summer|West:Los_Angeles|medium,245,479,1
2018|winter|West:Los_Angeles|medium,246,371,1
2019|winter|West:Los_Angeles|medium,247,365,1
2018|fall|West:Phoenix|medium,248,96,1
2019|fall|West:Phoenix|medium,249,102,1
2018|spring|West:Phoenix|medium,250,90,1
2019|spring|West:Phoenix|medium,251,109,1
2018|summer|West:Phoenix|medium,252,114,1
2019|summer|West:Phoenix|medium,253,112,1
2018|winter|West:Phoenix|medium,254,101,1
2019|winter|West:Phoenix|medium,255,99,1
2018|fall|Alaska|small,256,137,1
2019|fall|Alaska|small,257,89,1
2018|spring|Alaska|small,258,169,1
2019|spring|Alaska|small,259,103,1
2018|summer|Alaska|small,260,68,1
2019|summer|Alaska|small,261,129,1
2018|winter|Alaska|small,262,99,1
2019|winter|Alaska|small,263,92,1
2018|fall|Midwest:Chicago|small,264,266,1
2019|fall|Midwest:Chicago|small,265,220,1
2018|spring|Midwest:Chicago|small,266,116,1
2019|spring|Midwest:Chicago|small,267,202,1
2018|summer|Midwest:Chicago|small,268,115,1
2019|summer|Midwest:Chicago|small,269,208,1
2018|winter|Midwest:Chicago|small,270,153,1
2019|winter|Midwest:Chicago|small,271,219,1
2018|fall|Midwest:Detroit|small,272,100,1
2019|fall|Midwest:Detroit|small,273,63,1
2018|spring|Midwest:Detroit|small,274,37,1
2019|spring|Midwest:Detroit|small,275,55,1
2018|summer|Midwest:Detroit|small,276,22,1
2019|summer|Midwest:Detroit|small,277,82,1
2018|winter|Midwest:Detroit|small,278,63,1
2019|winter|Midwest:Detroit|small,279,55,1
2018|fall|Non-contiguous territory|small,280,40,1
2019|fall|Non-contiguous territory|small,281,24,1
2018|spring|Non-contiguous territory|small,282,83,1
2019|spring|Non-contiguous territory|small,283,32,1
2018|summer|Non-contiguous territory|small,284,40,1
2019|summer|Non-contiguous territory|small,285,39,1
2018|winter|Non-contiguous territory|small,286,67,1
2019|winter|Non-contiguous territory|small,287,34,1
2018|fall|Northeast:New_York|small,288,107,1
2019|fall|Northeast:New_York|small,289,62,1
2018|spring|Northeast:New_York|small,290,49,1
2019|spring|Northeast:New_York|small,291,87,1
2018|summer|Northeast:New_York|small,292,72,1
2019|summer|Northeast:New_York|small,293,118,1
2018|winter|Northeast:New_York|small,294,64,1
2019|winter|Northeast:New_York|small,295,84,1
2018|fall|South:Chicago|small,296,260,1
2019|fall|South:Chicago|small,297,193,1
2018|spring|South:Chicago|small,298,25,1
2019|spring|South:Chicago|small,299,216,1
2018|summer|South:Chicago|small,300,77,0
2019|summer|South:Chicago|small,301,178,0
2018|winter|South:Chicago|small,302,111,0
2019|winter|South:Chicago|small,303,180,0
2018|fall|South:New_York|small,304,160,0
2019|fall|South:New_York|small,305,114,0
2018|spring|South:New_York|small,306,49,0
2019|spring|South:New_York|small,307,153,0
2018|summer|South:New_York|small,308,72,0
2019|summer|South:New_York|small,309,129,0
2018|winter|South:New_York|small,310,71,0
2019|winter|South:New_York|small,311,93,0
2018|fall|West:Boise|small,312,17,0
2019|fall|West:Boise|small,313,13,0
2018|spring|West:Boise|small,314,13,0
2019|spring|West:Boise|small,315,12,0
2018|summer|West:Denver|small,316,123,0
2019|summer|West:Boise|small,317,15,0
2018|winter|West:Boise|small,318,18,0
2019|winter|West:Boise|small,319,11,0
2018|fall|West:Denver|small,320,163,0
2019|fall|West:Denver|small,321,132,0
2018|spring|West:Denver|small,322,88,0
2019|spring|West:Denver|small,323,113,0
2018|summer|West:Los_Angeles|small,324,36,0
2019|summer|West:Denver|small,325,130,0
2018|winter|West:Denver|small,326,109,0
2019|winter|West:Denver|small,327,134,0
2018|fall|West:Los_Angeles|small,328,81,0
2019|fall|West:Los_Angeles|small,329,56,0
2018|spring|West:Los_Angeles|small,330,99,0
2019|spring|West:Los_Angeles|small,331,47,0
2018|winter|West:Los_Angeles|small,332,75,0
2019|summer|West:Los_Angeles|small,333,69,0
2018|fall|West:Phoenix|small,334,12,0
2019|winter|West:Los_Angeles|small,335,78,0
2018|winter|West:Phoenix|small,336,4,0
2019|fall|West:Phoenix|small,337,11,0
2019|spring|West:Phoenix|small,338,7,0
2019|summer|West:Phoenix|small,339,11,0
2019|winter|West:Phoenix|small,340,13,0
