phase_key,seed,dimension,group,n,positives,positive_rate,mean_probability,calibration_bias,macro_f1,log_loss,roc_auc,brier,ece_10,tn,fp,fn,tp,precision,recall,fpr,fnr,error_rate
P6_fixed,42,overall,all,501,90,0.17964071856287425,0.1734031617182951,-0.006237556844579162,0.4933340582862114,0.472868387837965,0.5422681805893484,0.1482470346868548,0.03942414363060104,287.0,124.0,62.0,28.0,0.18421052631578946,0.3111111111111111,0.30170316301703165,0.6888888888888889,0.3712574850299401
P6_fixed,42,raw_missing__Month,observed,501,90,0.17964071856287425,0.1734031617182951,-0.006237556844579162,0.4933340582862114,0.472868387837965,0.5422681805893484,0.1482470346868548,0.03942414363060104,287.0,124.0,62.0,28.0,0.18421052631578946,0.3111111111111111,0.30170316301703165,0.6888888888888889,0.3712574850299401
P6_fixed,42,raw_missing__Month,missing,0,0,,,,,,,,,,,,,,,,,
P6_fixed,42,raw_missing__Day_of_Month,observed,501,90,0.17964071856287425,0.1734031617182951,-0.006237556844579162,0.4933340582862114,0.472868387837965,0.5422681805893484,0.1482470346868548,0.03942414363060104,287.0,124.0,62.0,28.0,0.18421052631578946,0.3111111111111111,0.30170316301703165,0.6888888888888889,0.3712574850299401
P6_fixed,42,raw_missing__Day_of_Month,missing,0,0,,,,,,,,,,,,,,,,,
P6_fixed,42,raw_missing__Estimated_Departure_Time,observed,452,81,0.17920353982300885,0.1743307881514574,-0.004872751671551462,0.4939281715614503,0.47293075820792824,0.5367042694086719,0.14822771700419674,0.04498856362232742,257.0,114.0,55.0,26.0,0.18571428571428572,0.32098765432098764,0.30727762803234504,0.6790123456790124,0.37389380530973454
P6_fixed,42,raw_missing__Estimated_Departure_Time,missing,49,9,0.1836734693877551,0.16484628115116556,-0.018827188236589548,0.48484848484848486,0.47229305299667096,0.5944444444444444,0.14842523045341538,0.04159594743510636,30.0,10.0,7.0,2.0,0.16666666666666666,0.2222222222222222,0.25,0.7777777777777778,0.3469387755102041
P6_fixed,42,raw_missing__Estimated_Arrival_Time,observed,449,81,0.18040089086859687,0.17300147171561825,-0.00739941915297862,0.49403986097534486,0.4732583649935258,0.5472188674181429,0.1484949366638099,0.03966019971384686,258.0,110.0,56.0,25.0,0.18518518518518517,0.30864197530864196,0.29891304347826086,0.691358024691358,0.36971046770601335
P6_fixed,42,raw_missing__Estimated_Arrival_Time,missing,52,9,0.17307692307692307,0.17687160039525468,0.0037946773183316074,0.4871794871794872,0.4695010850909107,0.4832041343669251,0.14610649646276233,0.04318579106910019,29.0,14.0,6.0,3.0,0.17647058823529413,0.3333333333333333,0.32558139534883723,0.6666666666666666,0.38461538461538464
P6_fixed,42,raw_missing__Cancelled,observed,501,90,0.17964071856287425,0.1734031617182951,-0.006237556844579162,0.4933340582862114,0.472868387837965,0.5422681805893484,0.1482470346868548,0.03942414363060104,287.0,124.0,62.0,28.0,0.18421052631578946,0.3111111111111111,0.30170316301703165,0.6888888888888889,0.3712574850299401
P6_fixed,42,raw_missing__Cancelled,missing,0,0,,,,,,,,,,,,,,,,,
P6_fixed,42,raw_missing__Diverted,observed,501,90,0.17964071856287425,0.1734031617182951,-0.006237556844579162,0.4933340582862114,0.472868387837965,0.5422681805893484,0.1482470346868548,0.03942414363060104,287.0,124.0,62.0,28.0,0.18421052631578946,0.3111111111111111,0.30170316301703165,0.6888888888888889,0.3712574850299401
P6_fixed,42,raw_missing__Diverted,missing,0,0,,,,,,,,,,,,,,,,,
P6_fixed,42,raw_missing__Origin_Airport,observed,501,90,0.17964071856287425,0.1734031617182951,-0.006237556844579162,0.4933340582862114,0.472868387837965,0.5422681805893484,0.1482470346868548,0.03942414363060104,287.0,124.0,62.0,28.0,0.18421052631578946,0.3111111111111111,0.30170316301703165,0.6888888888888889,0.3712574850299401
P6_fixed,42,raw_missing__Origin_Airport,missing,0,0,,,,,,,,,,,,,,,,,
P6_fixed,42,raw_missing__Origin_Airport_ID,observed,501,90,0.17964071856287425,0.1734031617182951,-0.006237556844579162,0.4933340582862114,0.472868387837965,0.5422681805893484,0.1482470346868548,0.03942414363060104,287.0,124.0,62.0,28.0,0.18421052631578946,0.3111111111111111,0.30170316301703165,0.6888888888888889,0.3712574850299401
P6_fixed,42,raw_missing__Origin_Airport_ID,missing,0,0,,,,,,,,,,,,,,,,,
P6_fixed,42,raw_missing__Origin_State,observed,445,83,0.18651685393258427,0.1732498729207704,-0.013266981011813866,0.49735879174022146,0.4852459671461404,0.5373260999800306,0.15301350911009384,0.03981458514566503,251.0,111.0,56.0,27.0,0.1956521739130435,0.3253012048192771,0.30662983425414364,0.6746987951807228,0.3752808988764045
P6_fixed,42,raw_missing__Origin_State,missing,56,7,0.125,0.17462126019862523,0.04962126019862523,0.4432234432234432,0.3745108379783569,0.6005830903790088,0.11037058614504465,0.054300688408863,36.0,13.0,6.0,1.0,0.07142857142857142,0.14285714285714285,0.2653061224489796,0.8571428571428571,0.3392857142857143
P6_fixed,42,raw_missing__Destination_Airport,observed,501,90,0.17964071856287425,0.1734031617182951,-0.006237556844579162,0.4933340582862114,0.472868387837965,0.5422681805893484,0.1482470346868548,0.03942414363060104,287.0,124.0,62.0,28.0,0.18421052631578946,0.3111111111111111,0.30170316301703165,0.6888888888888889,0.3712574850299401
P6_fixed,42,raw_missing__Destination_Airport,missing,0,0,,,,,,,,,,,,,,,,,
P6_fixed,42,raw_missing__Destination_Airport_ID,observed,501,90,0.17964071856287425,0.1734031617182951,-0.006237556844579162,0.4933340582862114,0.472868387837965,0.5422681805893484,0.1482470346868548,0.03942414363060104,287.0,124.0,62.0,28.0,0.18421052631578946,0.3111111111111111,0.30170316301703165,0.6888888888888889,0.3712574850299401
P6_fixed,42,raw_missing__Destination_Airport_ID,missing,0,0,,,,,,,,,,,,,,,,,
P6_fixed,42,raw_missing__Destination_State,observed,454,80,0.1762114537444934,0.1743013973252125,-0.0019100564192809089,0.4975313305631217,0.4672053510125602,0.5464739304812833,0.14600178606708994,0.04201453814596892,261.0,113.0,54.0,26.0,0.18705035971223022,0.325,0.30213903743315507,0.675,0.36784140969163
P6_fixed,42,raw_missing__Destination_State,missing,47,10,0.2127659574468085,0.16472658798339077,-0.04803936946341775,0.453153704837722,0.5275709137684699,0.49999999999999994,0.16993518092883908,0.05357733530974348,26.0,11.0,8.0,2.0,0.15384615384615385,0.2,0.2972972972972973,0.8,0.40425531914893614
P6_fixed,42,raw_missing__Distance,observed,501,90,0.17964071856287425,0.1734031617182951,-0.006237556844579162,0.4933340582862114,0.472868387837965,0.5422681805893484,0.1482470346868548,0.03942414363060104,287.0,124.0,62.0,28.0,0.18421052631578946,0.3111111111111111,0.30170316301703165,0.6888888888888889,0.3712574850299401
P6_fixed,42,raw_missing__Distance,missing,0,0,,,,,,,,,,,,,,,,,
P6_fixed,42,raw_missing__Airline,observed,441,78,0.17687074829931973,0.17391823695820724,-0.0029525113411124904,0.49702900591382704,0.46607083483350714,0.5591756728120365,0.14575250920222027,0.040409396147482464,254.0,109.0,53.0,25.0,0.1865671641791045,0.32051282051282054,0.3002754820936639,0.6794871794871795,0.3673469387755102
P6_fixed,42,raw_missing__Airline,missing,60,12,0.2,0.16961735870494063,-0.03038264129505938,0.4666666666666667,0.5228304024207299,0.4149305555555556,0.16658179699891879,0.04729424309043395,33.0,15.0,9.0,3.0,0.16666666666666666,0.25,0.3125,0.75,0.4
P6_fixed,42,raw_missing__Carrier_Code(IATA),observed,448,80,0.17857142857142858,0.1724401511990758,-0.006131277372352778,0.49831345907168983,0.47228238690573726,0.5310292119565218,0.14771803743224135,0.03729545200439599,257.0,111.0,54.0,26.0,0.1897810218978102,0.325,0.3016304347826087,0.675,0.36830357142857145
P6_fixed,42,raw_missing__Carrier_Code(IATA),missing,53,10,0.18867924528301888,0.18154332610716747,-0.007135919175851407,0.45037037037037037,0.4778217542084931,0.6418604651162791,0.15271855865037992,0.0610734848796101,30.0,13.0,8.0,2.0,0.13333333333333333,0.2,0.3023255813953488,0.8,0.39622641509433965
P6_fixed,42,raw_missing__Carrier_ID(DOT),observed,437,79,0.18077803203661327,0.171950101434333,-0.008827930602280265,0.5045927562351027,0.47072571000130403,0.5628138038328265,0.14767287451505037,0.027264215196079414,256.0,102.0,54.0,25.0,0.1968503937007874,0.31645569620253167,0.2849162011173184,0.6835443037974683,0.35697940503432496
P6_fixed,42,raw_missing__Carrier_ID(DOT),missing,64,11,0.171875,0.18332483896972374,0.011449838969723736,0.42028985507246375,0.4874988599414154,0.41337907375643224,0.1521674721099569,0.12475555963480041,31.0,22.0,8.0,3.0,0.12,0.2727272727272727,0.41509433962264153,0.7272727272727273,0.46875
P6_fixed,42,raw_missing__Tail_Number,observed,501,90,0.17964071856287425,0.1734031617182951,-0.006237556844579162,0.4933340582862114,0.472868387837965,0.5422681805893484,0.1482470346868548,0.03942414363060104,287.0,124.0,62.0,28.0,0.18421052631578946,0.3111111111111111,0.30170316301703165,0.6888888888888889,0.3712574850299401
P6_fixed,42,raw_missing__Tail_Number,missing,0,0,,,,,,,,,,,,,,,,,
P6_fixed,42,feature_missing__Airline,observed,501,90,0.17964071856287425,0.1734031617182951,-0.006237556844579162,0.4933340582862114,0.472868387837965,0.5422681805893484,0.1482470346868548,0.03942414363060104,287.0,124.0,62.0,28.0,0.18421052631578946,0.3111111111111111,0.30170316301703165,0.6888888888888889,0.3712574850299401
P6_fixed,42,feature_missing__Airline,missing,0,0,,,,,,,,,,,,,,,,,
P6_fixed,42,feature_missing__Dep_Hour,observed,496,89,0.17943548387096775,0.17344058780174024,-0.005994896069227512,0.4930134647579162,0.47245506835829265,0.5435358749965492,0.14808417370575905,0.03951602506075359,283.0,124.0,61.0,28.0,0.18421052631578946,0.3146067415730337,0.3046683046683047,0.6853932584269663,0.37298387096774194
P6_fixed,42,feature_missing__Dep_Hour,missing,5,1,0.2,0.16969049424053265,-0.030309505759467364,0.4444444444444444,0.5138696802214615,0.25,0.16440284401155503,0.030309505759467364,4.0,0.0,1.0,0.0,,0.0,0.0,1.0,0.2
P6_fixed,42,feature_missing__Arr_Hour,observed,496,89,0.17943548387096775,0.17344058780174024,-0.005994896069227512,0.4930134647579162,0.47245506835829265,0.5435358749965492,0.14808417370575905,0.03951602506075359,283.0,124.0,61.0,28.0,0.18421052631578946,0.3146067415730337,0.3046683046683047,0.6853932584269663,0.37298387096774194
P6_fixed,42,feature_missing__Arr_Hour,missing,5,1,0.2,0.16969049424053265,-0.030309505759467364,0.4444444444444444,0.5138696802214615,0.25,0.16440284401155503,0.030309505759467364,4.0,0.0,1.0,0.0,,0.0,0.0,1.0,0.2
P6_fixed,42,raw_missing_count,0,216,35,0.16203703703703703,0.1737663122132713,0.01172927517623426,0.5499479106378053,0.4379463697798714,0.5918705603788476,0.13428232198905138,0.020868412254386286,127.0,54.0,18.0,17.0,0.23943661971830985,0.4857142857142857,0.2983425414364641,0.5142857142857142,0.3333333333333333
P6_fixed,42,raw_missing_count,1,205,44,0.2146341463414634,0.17267083980515605,-0.041963306536307365,0.44451612903225807,0.5324155637682879,0.5141163184641445,0.1723720033956533,0.08642985037379934,113.0,48.0,36.0,8.0,0.14285714285714285,0.18181818181818182,0.2981366459627329,0.8181818181818182,0.4097560975609756
P6_fixed,42,raw_missing_count,2,66,10,0.15151515151515152,0.17175704229597646,0.020241890780824945,0.4560439560439561,0.44065226174358835,0.49642857142857144,0.13459942425185226,0.03755709015346169,40.0,16.0,8.0,2.0,0.1111111111111111,0.2,0.2857142857142857,0.8,0.36363636363636365
P6_fixed,42,raw_missing_count,3,12,0,0.0,0.18116563038464026,0.18116563038464026,0.3333333333333333,0.20181295165061156,,0.03545292873699478,0.18116563038464029,6.0,6.0,0.0,0.0,0.0,,0.5,,0.5
P6_fixed,42,raw_missing_count,4,2,1,0.5,0.21699303329605363,-0.28300696670394637,1.0,0.8303255834925146,1.0,0.31076249345202445,0.4802806994342536,1.0,0.0,0.0,1.0,1.0,1.0,0.0,0.0,0.0
P6_fixed,42,raw_time_pattern,both_observed,405,73,0.18024691358024691,0.1739472728274275,-0.006299640752819413,0.49519710164195974,0.4738765300897864,0.5399612147219013,0.1486997641725705,0.045783486416482604,232.0,100.0,50.0,23.0,0.18699186991869918,0.3150684931506849,0.30120481927710846,0.684931506849315,0.37037037037037035
P6_fixed,42,raw_time_pattern,departure_missing,44,8,0.18181818181818182,0.16429580239101027,-0.017522379427171553,0.48235294117647054,0.467568436266581,0.6111111111111112,0.14660959254908135,0.0497670216617625,26.0,10.0,6.0,2.0,0.16666666666666666,0.25,0.2777777777777778,0.75,0.36363636363636365
P6_fixed,42,raw_time_pattern,arrival_missing,47,8,0.1702127659574468,0.177635547858523,0.007422781901076203,0.48231884057971014,0.46478102177915004,0.5,0.14416007651076307,0.04455560865523135,25.0,14.0,5.0,3.0,0.17647058823529413,0.375,0.358974358974359,0.625,0.40425531914893614
P6_fixed,42,raw_time_pattern,both_missing,5,1,0.2,0.16969049424053265,-0.030309505759467364,0.4444444444444444,0.5138696802214615,0.25,0.16440284401155503,0.030309505759467364,4.0,0.0,1.0,0.0,,0.0,0.0,1.0,0.2
P6_clean,42,overall,all,501,90,0.17964071856287425,0.17574452808011684,-0.003896190482757411,0.5116093583835519,0.47133889434478293,0.5576507164098405,0.1479232627605284,0.024324371324051713,326.0,85.0,69.0,21.0,0.19811320754716982,0.23333333333333334,0.20681265206812652,0.7666666666666667,0.3073852295409182
P6_clean,42,raw_missing__Month,observed,501,90,0.17964071856287425,0.17574452808011684,-0.003896190482757411,0.5116093583835519,0.47133889434478293,0.5576507164098405,0.1479232627605284,0.024324371324051713,326.0,85.0,69.0,21.0,0.19811320754716982,0.23333333333333334,0.20681265206812652,0.7666666666666667,0.3073852295409182
P6_clean,42,raw_missing__Month,missing,0,0,,,,,,,,,,,,,,,,,
P6_clean,42,raw_missing__Day_of_Month,observed,501,90,0.17964071856287425,0.17574452808011684,-0.003896190482757411,0.5116093583835519,0.47133889434478293,0.5576507164098405,0.1479232627605284,0.024324371324051713,326.0,85.0,69.0,21.0,0.19811320754716982,0.23333333333333334,0.20681265206812652,0.7666666666666667,0.3073852295409182
P6_clean,42,raw_missing__Day_of_Month,missing,0,0,,,,,,,,,,,,,,,,,
P6_clean,42,raw_missing__Estimated_Departure_Time,observed,452,81,0.17920353982300885,0.17737920100605195,-0.0018243388169568997,0.514426028238183,0.467055016475729,0.574007520548401,0.1468296549546246,0.02560992535984056,292.0,79.0,61.0,20.0,0.20202020202020202,0.24691358024691357,0.21293800539083557,0.7530864197530864,0.30973451327433627
P6_clean,42,raw_missing__Estimated_Departure_Time,missing,49,9,0.1836734693877551,0.1606655043551643,-0.02300796503259081,0.4771341463414634,0.5108554820348316,0.39444444444444443,0.15801123680682444,0.04190512417295762,34.0,6.0,8.0,1.0,0.14285714285714285,0.1111111111111111,0.15,0.8888888888888888,0.2857142857142857
P6_clean,42,raw_missing__Estimated_Arrival_Time,observed,449,81,0.18040089086859687,0.17517950540400865,-0.005221385464588224,0.5181786149016593,0.4721410339969755,0.5608729200214707,0.14828499501507927,0.02085035802318619,296.0,72.0,62.0,19.0,0.2087912087912088,0.2345679012345679,0.1956521739130435,0.7654320987654321,0.2984409799554566
P6_clean,42,raw_missing__Estimated_Arrival_Time,missing,52,9,0.17307692307692307,0.18062328157189725,0.007546358494974176,0.4583333333333333,0.4644127269633509,0.5219638242894057,0.144799843870272,0.054321140018063756,30.0,13.0,7.0,2.0,0.13333333333333333,0.2222222222222222,0.3023255813953488,0.7777777777777778,0.38461538461538464
P6_clean,42,raw_missing__Cancelled,observed,501,90,0.17964071856287425,0.17574452808011684,-0.003896190482757411,0.5116093583835519,0.47133889434478293,0.5576507164098405,0.1479232627605284,0.024324371324051713,326.0,85.0,69.0,21.0,0.19811320754716982,0.23333333333333334,0.20681265206812652,0.7666666666666667,0.3073852295409182
P6_clean,42,raw_missing__Cancelled,missing,0,0,,,,,,,,,,,,,,,,,
P6_clean,42,raw_missing__Diverted,observed,501,90,0.17964071856287425,0.17574452808011684,-0.003896190482757411,0.5116093583835519,0.47133889434478293,0.5576507164098405,0.1479232627605284,0.024324371324051713,326.0,85.0,69.0,21.0,0.19811320754716982,0.23333333333333334,0.20681265206812652,0.7666666666666667,0.3073852295409182
P6_clean,42,raw_missing__Diverted,missing,0,0,,,,,,,,,,,,,,,,,
P6_clean,42,raw_missing__Origin_Airport,observed,501,90,0.17964071856287425,0.17574452808011684,-0.003896190482757411,0.5116093583835519,0.47133889434478293,0.5576507164098405,0.1479232627605284,0.024324371324051713,326.0,85.0,69.0,21.0,0.19811320754716982,0.23333333333333334,0.20681265206812652,0.7666666666666667,0.3073852295409182
P6_clean,42,raw_missing__Origin_Airport,missing,0,0,,,,,,,,,,,,,,,,,
P6_clean,42,raw_missing__Origin_Airport_ID,observed,501,90,0.17964071856287425,0.17574452808011684,-0.003896190482757411,0.5116093583835519,0.47133889434478293,0.5576507164098405,0.1479232627605284,0.024324371324051713,326.0,85.0,69.0,21.0,0.19811320754716982,0.23333333333333334,0.20681265206812652,0.7666666666666667,0.3073852295409182
P6_clean,42,raw_missing__Origin_Airport_ID,missing,0,0,,,,,,,,,,,,,,,,,
P6_clean,42,raw_missing__Origin_State,observed,445,83,0.18651685393258427,0.1759624865444404,-0.01055436738814386,0.5127672327672328,0.48258114878569,0.5605904280103841,0.15274025105095906,0.02743398907979618,289.0,73.0,64.0,19.0,0.20652173913043478,0.2289156626506024,0.20165745856353592,0.7710843373493976,0.30786516853932583
P6_clean,42,raw_missing__Origin_State,missing,56,7,0.125,0.1740125367118312,0.0490125367118312,0.5018315018315018,0.38200312244828943,0.5306122448979591,0.1096454093812133,0.0706397836182245,37.0,12.0,5.0,2.0,0.14285714285714285,0.2857142857142857,0.24489795918367346,0.7142857142857143,0.30357142857142855
P6_clean,42,raw_missing__Destination_Airport,observed,501,90,0.17964071856287425,0.17574452808011684,-0.003896190482757411,0.5116093583835519,0.47133889434478293,0.5576507164098405,0.1479232627605284,0.024324371324051713,326.0,85.0,69.0,21.0,0.19811320754716982,0.23333333333333334,0.20681265206812652,0.7666666666666667,0.3073852295409182
P6_clean,42,raw_missing__Destination_Airport,missing,0,0,,,,,,,,,,,,,,,,,
P6_clean,42,raw_missing__Destination_Airport_ID,observed,501,90,0.17964071856287425,0.17574452808011684,-0.003896190482757411,0.5116093583835519,0.47133889434478293,0.5576507164098405,0.1479232627605284,0.024324371324051713,326.0,85.0,69.0,21.0,0.19811320754716982,0.23333333333333334,0.20681265206812652,0.7666666666666667,0.3073852295409182
P6_clean,42,raw_missing__Destination_Airport_ID,missing,0,0,,,,,,,,,,,,,,,,,
P6_clean,42,raw_missing__Destination_State,observed,454,80,0.1762114537444934,0.1759642619016568,-0.0002471918428366138,0.5136922503725783,0.46679794258301416,0.5543282085561497,0.14591773778932346,0.027758202589627325,297.0,77.0,61.0,19.0,0.19791666666666666,0.2375,0.20588235294117646,0.7625,0.3039647577092511
P6_clean,42,raw_missing__Destination_State,missing,47,10,0.2127659574468085,0.17362199286779462,-0.039143964579013896,0.49189189189189186,0.5152025560435705,0.5972972972972973,0.16729578056748656,0.04304029354648572,29.0,8.0,8.0,2.0,0.2,0.2,0.21621621621621623,0.8,0.3404255319148936
P6_clean,42,raw_missing__Distance,observed,501,90,0.17964071856287425,0.17574452808011684,-0.003896190482757411,0.5116093583835519,0.47133889434478293,0.5576507164098405,0.1479232627605284,0.024324371324051713,326.0,85.0,69.0,21.0,0.19811320754716982,0.23333333333333334,0.20681265206812652,0.7666666666666667,0.3073852295409182
P6_clean,42,raw_missing__Distance,missing,0,0,,,,,,,,,,,,,,,,,
P6_clean,42,raw_missing__Airline,observed,441,78,0.17687074829931973,0.17568057259401498,-0.0011901757053047468,0.5160989190959712,0.4629036049438487,0.5794659885568977,0.14489457148790602,0.01807728393469146,288.0,75.0,59.0,19.0,0.20212765957446807,0.24358974358974358,0.2066115702479339,0.7564102564102564,0.30385487528344673
P6_clean,42,raw_missing__Airline,missing,60,12,0.2,0.1762146009029655,-0.023785399097034504,0.47916666666666663,0.5333382714416495,0.4184027777777778,0.1701841436143028,0.07871873749685462,38.0,10.0,10.0,2.0,0.16666666666666666,0.16666666666666666,0.20833333333333334,0.8333333333333334,0.3333333333333333
P6_clean,42,raw_missing__Carrier_Code(IATA),observed,448,80,0.17857142857142858,0.1744651616006681,-0.004106266970760469,0.5018315018315018,0.47349750367346477,0.5320822010869565,0.14824648989044628,0.03333319649229303,296.0,72.0,64.0,16.0,0.18181818181818182,0.2,0.1956521739130435,0.8,0.30357142857142855
P6_clean,42,raw_missing__Carrier_Code(IATA),missing,53,10,0.18867924528301888,0.18655879567998523,-0.0021204496030336473,0.5631868131868132,0.45309253624573664,0.7116279069767442,0.1451910787189583,0.07623680014522335,30.0,13.0,5.0,5.0,0.2777777777777778,0.5,0.3023255813953488,0.5,0.33962264150943394
P6_clean,42,raw_missing__Carrier_ID(DOT),observed,437,79,0.18077803203661327,0.17552241741553662,-0.005255614621076654,0.5225419034632292,0.4687555461072952,0.5792553567640195,0.1473332580614307,0.01653097873932744,289.0,69.0,60.0,19.0,0.2159090909090909,0.24050632911392406,0.19273743016759776,0.759493670886076,0.2951945080091533
P6_clean,42,raw_missing__Carrier_ID(DOT),missing,64,11,0.171875,0.17726112746170364,0.005386127461703638,0.44270289097875304,0.4889783190288788,0.3962264150943397,0.15195188859655487,0.07753863006662223,37.0,16.0,9.0,2.0,0.1111111111111111,0.18181818181818182,0.3018867924528302,0.8181818181818182,0.390625
P6_clean,42,raw_missing__Tail_Number,observed,501,90,0.17964071856287425,0.17574452808011684,-0.003896190482757411,0.5116093583835519,0.47133889434478293,0.5576507164098405,0.1479232627605284,0.024324371324051713,326.0,85.0,69.0,21.0,0.19811320754716982,0.23333333333333334,0.20681265206812652,0.7666666666666667,0.3073852295409182
P6_clean,42,raw_missing__Tail_Number,missing,0,0,,,,,,,,,,,,,,,,,
P6_clean,42,feature_missing__Airline,observed,501,90,0.17964071856287425,0.17574452808011684,-0.003896190482757411,0.5116093583835519,0.47133889434478293,0.5576507164098405,0.1479232627605284,0.024324371324051713,326.0,85.0,69.0,21.0,0.19811320754716982,0.23333333333333334,0.20681265206812652,0.7666666666666667,0.3073852295409182
P6_clean,42,feature_missing__Airline,missing,0,0,,,,,,,,,,,,,,,,,
P6_clean,42,feature_missing__Dep_Hour,observed,496,89,0.17943548387096775,0.17592519350644506,-0.003510290364522689,0.5130093274423171,0.4697468302993317,0.5640200977279628,0.1474867135480288,0.02323004405427024,323.0,84.0,68.0,21.0,0.2,0.23595505617977527,0.20638820638820637,0.7640449438202247,0.3064516129032258
P6_clean,42,feature_missing__Dep_Hour,missing,5,1,0.2,0.1578225177883554,-0.04217748221164461,0.375,0.6292716476535509,0.25,0.19122894464048548,0.28913722472261927,3.0,1.0,1.0,0.0,0.0,0.0,0.25,1.0,0.4
P6_clean,42,feature_missing__Arr_Hour,observed,496,89,0.17943548387096775,0.17592519350644506,-0.003510290364522689,0.5130093274423171,0.4697468302993317,0.5640200977279628,0.1474867135480288,0.02323004405427024,323.0,84.0,68.0,21.0,0.2,0.23595505617977527,0.20638820638820637,0.7640449438202247,0.3064516129032258
P6_clean,42,feature_missing__Arr_Hour,missing,5,1,0.2,0.1578225177883554,-0.04217748221164461,0.375,0.6292716476535509,0.25,0.19122894464048548,0.28913722472261927,3.0,1.0,1.0,0.0,0.0,0.0,0.25,1.0,0.4
P6_clean,42,raw_missing_count,0,216,35,0.16203703703703703,0.17664162723802146,0.014604590200984424,0.5434093311188284,0.43483841350181085,0.6209944751381214,0.13444815850916705,0.014604590200984422,151.0,30.0,26.0,9.0,0.23076923076923078,0.2571428571428571,0.16574585635359115,0.7428571428571429,0.25925925925925924
P6_clean,42,raw_missing_count,1,205,44,0.2146341463414634,0.1744802599298115,-0.04015388641165191,0.5017361111111112,0.5276082438700678,0.5319028797289667,0.17040041769918474,0.06564890467877015,125.0,36.0,34.0,10.0,0.21739130434782608,0.22727272727272727,0.2236024844720497,0.7727272727272727,0.34146341463414637
P6_clean,42,raw_missing_count,2,66,10,0.15151515151515152,0.17554239191169435,0.02402724039654283,0.42525399129172714,0.45400604197259936,0.4428571428571429,0.13762151223874414,0.03649875989136073,41.0,15.0,9.0,1.0,0.0625,0.1,0.26785714285714285,0.9,0.36363636363636365
P6_clean,42,raw_missing_count,3,12,0,0.0,0.17679602426408805,0.17679602426408805,0.4,0.1964999118817828,,0.03386911364290979,0.1767960242640881,8.0,4.0,0.0,0.0,0.0,,0.3333333333333333,,0.3333333333333333
P6_clean,42,raw_missing_count,4,2,1,0.5,0.208806820886825,-0.291193179113175,1.0,0.866800522104136,1.0,0.323608802619872,0.4886873592163341,1.0,0.0,0.0,1.0,1.0,1.0,0.0,0.0,0.0
P6_clean,42,raw_time_pattern,both_observed,405,73,0.18024691358024691,0.17672123654799654,-0.003525677032250374,0.5203657684243224,0.4693969478597605,0.5722272652252847,0.14763841205293485,0.02073287776138906,265.0,67.0,55.0,18.0,0.21176470588235294,0.2465753424657534,0.20180722891566266,0.7534246575342466,0.3012345679012346
P6_clean,42,raw_time_pattern,departure_missing,44,8,0.18181818181818182,0.16098857101048347,-0.02082961080769835,0.49034749034749037,0.497399099578159,0.4409722222222222,0.15423649728027208,0.03156688413734213,31.0,5.0,7.0,1.0,0.16666666666666666,0.125,0.1388888888888889,0.875,0.2727272727272727
P6_clean,42,raw_time_pattern,arrival_missing,47,8,0.1702127659574468,0.18304889474035915,0.012836128782912348,0.46590909090909094,0.446874543911202,0.5769230769230769,0.13986057783088754,0.06763554828266755,27.0,12.0,6.0,2.0,0.14285714285714285,0.25,0.3076923076923077,0.75,0.3829787234042553
P6_clean,42,raw_time_pattern,both_missing,5,1,0.2,0.1578225177883554,-0.04217748221164461,0.375,0.6292716476535509,0.25,0.19122894464048548,0.28913722472261927,3.0,1.0,1.0,0.0,0.0,0.0,0.25,1.0,0.4
