phase_key,arm,calibrator,group,macro_f1_mean,macro_f1_std,macro_f1_count,log_loss_mean,log_loss_std,log_loss_count,roc_auc_mean,roc_auc_std,roc_auc_count,brier_mean,brier_std,brier_count,ece_10_mean,ece_10_std,ece_10_count,calibration_bias_mean,calibration_bias_std,calibration_bias_count,precision_mean,precision_std,precision_count,recall_mean,recall_std,recall_count,fnr_mean,fnr_std,fnr_count
P6_clean,shared,isotonic,arrival_missing,0.5796837661205622,0.00209142949992383,3,0.44786099986170713,0.00018255240262381766,3,0.6460226401972122,0.0009385740351644876,3,0.14011746878937448,5.222367001139523e-05,3,0.0023351281986852797,0.0008415537700289948,3,-0.0003731810534571556,5.710269827616282e-05,3,0.29811086206951815,0.007978875796018681,3,0.3512258261001979,0.021024504045885906,3,0.6487741738998021,0.021024504045885864,3
P6_clean,shared,isotonic,both_missing,0.510246422025895,0.0011545800438521742,3,0.4549734148831453,0.0008284636063768202,3,0.5726749240127798,0.006851439622553047,3,0.14118619232899254,0.00021386261008966772,3,0.009352066265711586,0.001996444024894222,3,-0.0010174483847421405,0.0015611436257783604,3,0.22699621382069898,0.016227968352027347,3,0.10533076429030186,0.006766636963938812,3,0.894669235709698,0.00676663696393885,3
P6_clean,shared,isotonic,both_observed,0.5752834581319276,0.0010419036631085998,3,0.4489818600158511,0.0009167416725509718,3,0.6425159041440609,0.001406046462938384,3,0.1398085064851017,0.0001300208149176202,3,0.0019934143093621637,0.000195956427578727,3,3.660271581479302e-05,0.00017091239199564797,3,0.2903345205052004,0.005489859871939323,3,0.3421728132321507,0.01956897953304464,3,0.6578271867678493,0.019568979533044713,3
P6_clean,shared,isotonic,departure_missing,0.5746634811755053,0.00027954100087351926,3,0.4489034107411017,0.0012988927208317767,3,0.6422391124615155,0.0027199933255408703,3,0.14042442295971938,0.00020061352853048897,3,0.00419684460190472,0.002121563853014471,3,-0.0005918516576960039,0.00033572799912525163,3,0.2908205993263279,0.005115915145822737,3,0.33811475409836067,0.02482411645305812,3,0.6618852459016393,0.02482411645305813,3
P6_clean,shared,isotonic,overall,0.5752480707761677,0.0009947161675390903,3,0.44893708180288777,0.0008602154297612867,3,0.6421199642964663,0.0014224673023644162,3,0.1399146766617494,0.00012453723314514444,3,0.0018766610130130517,0.00013529211854509403,3,-7.668774640480029e-05,0.00017875902383308548,3,0.2908507484213801,0.005725938321724457,3,0.3399259259259259,0.020065452569809513,3,0.6600740740740741,0.020065452569809603,3
P6_clean,shared,none,arrival_missing,0.5812884025316052,0.0018745218132951397,3,0.44789752527348087,0.00021071903686795278,3,0.646940999133094,0.001032248200860154,3,0.14012604630377046,8.371236161406737e-05,3,0.00660770786687867,0.0017297018744082539,3,-0.002580162827243687,0.00037243895192764115,3,0.30090371992290166,0.0031274101335621884,3,0.34947464595705807,0.011577273547258259,3,0.650525354042942,0.011577273547258288,3
P6_clean,shared,none,both_missing,0.508515716511042,0.003874805157158843,3,0.45444104706612687,0.0008390291720913305,3,0.5760432135128392,0.008470671918362696,3,0.14106537156672064,0.00020111091857980513,3,0.008982160580789027,0.0013500251694474124,3,-0.0022980089284077576,0.00021017379245494435,3,0.22509576739308682,0.010387719052689023,3,0.10019267822736029,0.005780346820809246,3,0.8998073217726397,0.005780346820809273,3
P6_clean,shared,none,both_observed,0.5755066009026044,0.0010120985099622965,3,0.4472970091675501,0.00031515836460404504,3,0.6431701655559642,0.001221239189193342,3,0.1397889479330583,0.00010095942657957592,3,0.004245456585245013,0.000715384072001334,3,-0.002061427316053993,0.00023928208437455647,3,0.2911363653376487,0.002397984248247742,3,0.3381591106381787,0.00941490589932348,3,0.6618408893618213,0.009414905899323497,3
P6_clean,shared,none,departure_missing,0.5758082868203628,0.0008142802305276612,3,0.44870308721770624,0.0005064080086141586,3,0.6428177353184861,0.002998827008647567,3,0.14047931283122791,0.00016552236032712098,3,0.008680948738488422,0.0018293722332995692,3,-0.0028323202174762308,0.00020175542445633726,3,0.2929755267767365,0.002880593363485673,3,0.335458409228901,0.009142502439482714,3,0.664541590771099,0.009142502439482657,3
P6_clean,shared,none,overall,0.5756847605700698,0.0010749176024492954,3,0.4475767841443325,0.0003045922518500381,3,0.6428037457317223,0.0013259179039457436,3,0.13990387798937332,9.690689802487389e-05,3,0.004588385887189622,0.0008480738834729213,3,-0.002189392768380418,0.00023926541069434768,3,0.2919772620372345,0.002461075177056199,3,0.33625185185185186,0.009403606697966544,3,0.6637481481481481,0.009403606697966516,3
P6_clean,shared,platt,arrival_missing,0.5803886799283983,0.002387246129524808,3,0.4477960580349234,0.00024857079001709784,3,0.6469724683650664,0.001079415658701904,3,0.1400935231098038,8.195075838683034e-05,3,0.005344182590662043,0.0013832251480349136,3,-0.0004156579652817016,4.9745556042746724e-05,3,0.29731108987671534,0.0031534282614130446,3,0.3591442058778742,0.007699758714844816,3,0.6408557941221258,0.007699758714844819,3
P6_clean,shared,platt,both_missing,0.5106158296882104,0.006641225479131666,3,0.4545643454695936,0.0009676390100631288,3,0.5755558930492659,0.008365574281097488,3,0.1411151931830047,0.00025704920693793367,3,0.008254541528293273,0.001288837858207821,3,-0.0006304053799765508,0.0009968178509427647,3,0.2242208730204117,0.011859836855930351,3,0.10725754656390495,0.013115335810316084,3,0.892742453436095,0.013115335810316089,3
P6_clean,shared,platt,both_observed,0.575351278491842,0.0012069320465278642,3,0.44724278010861557,0.0003558931924429294,3,0.6431665619565688,0.0012031234345801845,3,0.13977600424032097,0.000110299980106666,3,0.0031796256861082108,0.00033776531871790365,3,7.321700791433165e-05,0.00018224608167353767,3,0.2890165681337532,0.0016626291487654636,3,0.34796934651321254,0.006683548773137035,3,0.6520306534867875,0.006683548773137035,3
P6_clean,shared,platt,departure_missing,0.5760659942164857,0.00152794193520706,3,0.44863764340223566,0.0005961356344408278,3,0.64279432879533,0.0029857902135309307,3,0.14047261560326121,0.00018423945886938953,3,0.006929768397455314,0.0019891463488286637,3,-0.0007117605398658522,0.0003115323479597973,3,0.29114548778658395,0.0018163161889274957,3,0.3469945355191257,0.006024023932296419,3,0.6530054644808744,0.006024023932296403,3
P6_clean,shared,platt,overall,0.5755174162081577,0.0012964314954020215,3,0.4475190071965136,0.00035320761290001456,3,0.6427990222268783,0.0013145689012350815,3,0.13989039517325527,0.00010768421420289199,3,0.0034774095346276814,0.0002101838779583138,3,-5.8783286721098005e-05,0.00018584648897924686,3,0.28974229856067923,0.0016611076878205796,3,0.34618518518518515,0.006610778080625297,3,0.6538148148148148,0.006610778080625279,3
P6_clean,split,isotonic,arrival_missing,0.5796387171597488,0.0026183271113488617,3,0.4479748008500182,0.0003577396466226338,3,0.6460322086462654,0.0018400492210069758,3,0.14017171363249847,9.886514217823951e-05,3,0.002931727759394084,0.0008770579935879687,3,-0.00033472413494845904,8.947376443090969e-05,3,0.2958932682944517,0.005591304792294242,3,0.36401705497182885,0.03270827643431674,3,0.6359829450281712,0.03270827643431675,3
P6_clean,split,isotonic,both_missing,0.513578333416196,0.004939887869999876,3,0.4550311613781349,0.0006371119560421633,3,0.5756839872529649,0.006833224089184837,3,0.14121885789139912,0.00020916241001939361,3,0.010883714947266573,0.0010715734578000422,3,-0.0008198351368515858,0.0020695505037698564,3,0.22546365485605166,0.010734170809243661,3,0.11689145793192035,0.013115335810316073,3,0.8831085420680796,0.013115335810316058,3
P6_clean,split,isotonic,both_observed,0.5749323808875562,0.0014150416610589495,3,0.4500745929974121,0.0010668375693561327,3,0.6420486097680529,0.0014679376119131897,3,0.13986155382401388,0.00014748595055336694,3,0.002491450519413085,0.00031626435517925143,3,5.972986141615048e-05,0.00039810358616512606,3,0.2879067498024307,0.0055848932003897565,3,0.3543819364714887,0.027663403829171852,3,0.6456180635285113,0.027663403829171873,3
P6_clean,split,isotonic,departure_missing,0.5757563355387106,0.0022013934070694986,3,0.44861594237545543,0.0007778803585220739,3,0.6418039934851584,0.0029656828689642143,3,0.14046621469192866,0.00022711546883032378,3,0.0044558181279339545,0.0027399371720096283,3,-0.000543172619283642,0.0005670851751237607,3,0.29028636050422246,0.005398950366220468,3,0.35306618093503345,0.031184213348590988,3,0.6469338190649666,0.03118421334859101,3
P6_clean,split,isotonic,overall,0.5750901363413164,0.0015060746691744605,3,0.4497885865151689,0.0008874863276708495,3,0.6417231842987696,0.0015271059927509988,3,0.1399665024105676,0.00014587330745047136,3,0.002351856147553726,0.0001782060437560829,3,-4.751852752464999e-05,0.00040064233925465165,3,0.28861430786237025,0.005471147975930527,3,0.35245185185185185,0.02830710187322089,3,0.6475481481481481,0.028307101873220906,3
P6_clean,split,none,arrival_missing,0.580676299598179,0.002760219941816369,3,0.447953209926252,0.00020911188789046867,3,0.6467219124430582,0.0012901229142477624,3,0.1401423083861242,7.826495485967146e-05,3,0.006004609100913026,0.0015268301632494867,3,-0.002623273193939587,0.00035903535813747395,3,0.30033633406628163,0.0029028635653744967,3,0.3471904979442668,0.019511758674510937,3,0.6528095020557333,0.01951175867451091,3
P6_clean,split,none,both_missing,0.5112804838686261,0.0053016387138641475,3,0.4542802130614514,0.0007720825886604561,3,0.5770600411537785,0.006919328237295391,3,0.14102603879605072,0.00020103625230658784,3,0.00954043253228219,0.001707954367714272,3,-0.002342851870096594,0.00025877861297778564,3,0.23120151926661872,0.010075753018603003,3,0.10468850353243415,0.009697924772345217,3,0.8953114964675658,0.009697924772345259,3
P6_clean,split,none,both_observed,0.5751441643537293,0.0013760553428355836,3,0.4473223098537464,0.0003346869781755925,3,0.6430680240174843,0.001299984744002267,3,0.13979585885222431,0.00010686143081472361,3,0.00406511726137915,0.0008354514584453193,3,-0.002103442163388073,0.0002296326865901481,3,0.2910427384737494,0.0030723519124842193,3,0.33595624130753365,0.016864999546887683,3,0.6640437586924665,0.01686499954688763,3
P6_clean,split,none,departure_missing,0.574853557896761,0.0015931418957771542,3,0.44869420812476696,0.0005292146863498521,3,0.6427921301358975,0.002911615202284668,3,0.14047388607576383,0.00018048160577603496,3,0.008575650324746338,0.0013159394606103848,3,-0.0028284253981877747,4.8306253987909156e-05,3,0.29176862044899154,0.00314324335271097,3,0.33310564663023684,0.015833641758391366,3,0.6668943533697632,0.01583364175839131,3
P6_clean,split,none,overall,0.5752579388466782,0.0015336254533346505,3,0.44759948437547004,0.00032483827334436443,3,0.6427071181142523,0.0014013241979735568,3,0.13990994291928674,0.00010349049329527746,3,0.004548001957694682,0.0008484422141780779,3,-0.002227080420777655,0.0002127470293893895,3,0.2917520322431863,0.002922414829610647,3,0.33410370370370374,0.01690679362806246,3,0.6658962962962963,0.016906793628062473,3
P6_clean,split,platt,arrival_missing,0.5799815510219952,0.00178949011804206,3,0.447863684066125,0.00026799658316776874,3,0.64680882835881,0.0012167081816706192,3,0.14011492493620234,8.212684094593235e-05,3,0.005285904694630404,0.0008600319461177983,3,-0.0003767548226845385,0.00015845619726393293,3,0.29821378445717067,0.0028213781583153134,3,0.35137810263438407,0.01774789375280459,3,0.6486218973656159,0.017747893752804576,3
P6_clean,split,platt,both_missing,0.5125660926692186,0.0049955230155253084,3,0.45438911801038645,0.0008547108570192994,3,0.5769107257546564,0.0069720986814785155,3,0.1410660294855748,0.0002315150042096445,3,0.0077934388200508985,0.0008273988857510676,3,-0.0004507077233249686,0.0009610010728966855,3,0.23239191846951546,0.013844021752724962,3,0.10789980732177264,0.0069471122841309975,3,0.8921001926782273,0.006947112284130987,3
P6_clean,split,platt,both_observed,0.5750227828786086,0.0009799682587444565,3,0.4472773409923196,0.00038415515846000603,3,0.6430468009805265,0.0013181672222751378,3,0.1397846612320308,0.00011810446683729998,3,0.003340682126589587,0.0004155744860091087,3,0.00012123380663316603,0.0003800298070170166,3,0.2897376993543055,0.003203415180291387,3,0.3413514043291983,0.013168626445957411,3,0.6586485956708017,0.01316862644595743,3
P6_clean,split,platt,departure_missing,0.574926885592613,0.0010866232813952724,3,0.4486370593665434,0.0006383242045811792,3,0.6428246769862633,0.0029543228109083688,3,0.1404663558741607,0.00019836712089831772,3,0.006581813036678749,0.0023061437170792077,3,-0.0006237856685493334,0.0005098447309585827,3,0.2906575044923448,0.0023496909620235817,3,0.33932908318154215,0.01572412569955087,3,0.6606709168184578,0.015724125699550867,3
P6_clean,split,platt,overall,0.5751156907131768,0.0010084835475897592,3,0.4475508517817078,0.0003819862840183088,3,0.6426990280645929,0.0014126130643121963,3,0.1398981457373726,0.00011612663248420878,3,0.0035787762405520974,0.00040916587208164146,3,-6.19471966733139e-06,0.0003721587812633809,3,0.29039470145289004,0.003012135544341312,3,0.33943703703703704,0.013721072076555891,3,0.6605629629629629,0.013721072076555808,3
P6_fixed,shared,isotonic,arrival_missing,0.5799826997867092,0.0003935353692587528,3,0.4479744085067448,0.0004033071255839459,3,0.6453490240125636,0.0013687274885135028,3,0.14014204011046247,0.0001536761365416735,3,0.0028491535651291003,0.0005200891734158527,3,-0.00012124711407896875,0.0004628688477636819,3,0.2973848260726218,0.003014424156077497,3,0.35564184559159434,0.013989357695552837,3,0.6443581544084057,0.01398935769555276,3
P6_fixed,shared,isotonic,both_missing,0.5078477112822087,0.0027315651082062482,3,0.45602810344031974,0.0007653062666506921,3,0.566279290363225,0.0036250299243202563,3,0.1415139334142801,0.00021446401819080933,3,0.015803884528780236,0.0025383633496558963,3,-0.004895561161605018,0.0015197516764453949,3,0.23131228020354389,0.0019755287693153122,3,0.09505459216441875,0.00802183429466718,3,0.9049454078355813,0.00802183429466714,3
P6_fixed,shared,isotonic,both_observed,0.5758181614520327,0.0017084475594138472,3,0.44841604646416583,0.0008102888784033886,3,0.642754321607537,0.0016653421994170055,3,0.13979176861174256,0.00016877661712263244,3,0.0015992078953634785,0.00047724632176530935,3,8.231976085433985e-05,0.00020466622849470872,3,0.2905201651898608,0.0033984806062883257,3,0.34512241792911613,0.01657225804530992,3,0.6548775820708839,0.016572258045309873,3
P6_fixed,shared,isotonic,departure_missing,0.5738735431370455,0.0012417117953394837,3,0.4492409479250275,0.001638654064912008,3,0.6417946282739321,0.0031563594527329983,3,0.14055033078966864,0.0002899751634089469,3,0.005409479180725692,0.0017882338293133922,3,-0.0008987851562123802,0.00042860461036178067,3,0.2888887501464035,0.0018226267241413555,3,0.3382665452337584,0.01496913815403013,3,0.6617334547662416,0.014969138154030179,3
P6_fixed,shared,isotonic,overall,0.5756529381275516,0.0015085908098453498,3,0.4485440861556745,0.0008229883249757342,3,0.6421481316579268,0.001664716318392525,3,0.13991990556967127,0.00017264039206255733,3,0.0015708373482680841,0.0006102202994172879,3,-9.198427809507341e-05,0.00020976853914370986,3,0.2908009878605495,0.0031404352512585366,3,0.34259259259259256,0.01597538744804726,3,0.6574074074074074,0.01597538744804727,3
P6_fixed,shared,none,arrival_missing,0.5803031696934028,0.001168888160925789,3,0.44822900570443974,0.000529154139253835,3,0.6457594571519932,0.0014845066446823698,3,0.14022086389022193,0.0001940210135979271,3,0.0067298633112223664,0.0010635842194687548,3,-0.0022621315385534615,0.00031441940362785995,3,0.29751732850070456,0.001332186508133338,3,0.35716461093345514,0.0062734420755640435,3,0.6428353890665449,0.006273442075564053,3
P6_fixed,shared,none,both_missing,0.5068980417569794,0.003477298778264781,3,0.45511268350011674,0.0010775158170799569,3,0.5702410063039735,0.00778188092604896,3,0.14124908996660304,0.0002941772152336474,3,0.01342584013114669,0.0011079322820618121,3,-0.005428372536845037,0.0007830369495656574,3,0.2296744242868487,0.013560048493884657,3,0.09312780989081566,0.0029432085388284134,3,0.9068721901091843,0.002943208538828371,3
P6_fixed,shared,none,both_observed,0.5762912739629563,0.0018618683080587955,3,0.44723153718360126,0.00041137081350529236,3,0.6433947470702418,0.0015058685495996373,3,0.13977696956893101,0.00013596114700555148,3,0.004798195496448666,0.0007906537534352361,3,-0.00190159463599196,0.00022844218386950632,3,0.2908284183390017,0.002936332013936317,3,0.34709193245778613,0.002370149698356141,3,0.6529080675422139,0.0023701496983560967,3
P6_fixed,shared,none,departure_missing,0.5738965015160691,0.0005977654535837219,3,0.4490290307472849,0.0005754375116591702,3,0.6422427161814138,0.0030529130213670635,3,0.14060207643315317,0.00020245454691963786,3,0.009150057367748791,0.00232681091413526,3,-0.003035219292576339,0.0004413880864952198,3,0.2885785257833992,0.0002861727824665406,3,0.3394808743169399,0.004548038332294649,3,0.6605191256830601,0.004548038332294681,3
P6_fixed,shared,none,overall,0.5760619473941054,0.0014910716751659794,3,0.44759653246301023,0.0004201862356993305,3,0.6427575399200038,0.001521695799563974,3,0.13991766009535828,0.00014405368510820432,3,0.005068024220464954,0.0006394835541512666,3,-0.002088665305543025,0.00021317169027050662,3,0.2910266868156773,0.0023570123032458736,3,0.3444,0.002176076432935049,3,0.6556000000000001,0.002176076432935087,3
P6_fixed,shared,platt,arrival_missing,0.5798372804016241,0.0017664061804669622,3,0.448089670443081,0.000566616290810799,3,0.6458026052994111,0.0014443236057363447,3,0.1401775563984643,0.0002063754422686341,3,0.0049253046906677055,0.0011428471978326825,3,-0.0002194558001985166,0.00041584934475650674,3,0.2972445970033714,0.0019278017647786137,3,0.3545759098522918,0.014576253154518016,3,0.6454240901477083,0.014576253154517974,3
P6_fixed,shared,platt,both_missing,0.5055653321320872,0.0006004245961697315,3,0.4552582189670377,0.0012353324713537978,3,0.5699423755057292,0.008361752171344548,3,0.14131072541788814,0.00034529526097469224,3,0.012154573987533003,0.0018125093080730672,3,-0.00428375785763449,0.0004841237977564345,3,0.22516874449593297,0.006866428107785593,3,0.09184328837508028,0.004010917147333582,3,0.9081567116249197,0.0040109171473335795,3
P6_fixed,shared,platt,both_observed,0.575966917004657,0.001633721189749674,3,0.4471691370365897,0.000439421022200266,3,0.6433898675994514,0.001503222023429131,3,0.1397651034109015,0.0001418904433126283,3,0.0031260454538089926,1.2570637881092848e-05,3,0.00010826506963978096,0.00019428889716186315,3,0.29072428267966705,0.0034557555508298635,3,0.3449450682796151,0.010109563485664306,3,0.655054931720385,0.010109563485664327,3
P6_fixed,shared,platt,departure_missing,0.5740492494472099,0.0021246576216798403,3,0.44896459022381846,0.0006226644984604026,3,0.6422130240570736,0.003049304401265952,3,0.14060215861488543,0.00020940080361904752,3,0.007535433012633514,0.0025646780863250143,3,-0.0010623902766387823,0.0004238514658390323,3,0.2888358739960621,0.003515298578026885,3,0.3400880388585306,0.01209171462012103,3,0.6599119611414693,0.01209171462012103,3
P6_fixed,shared,platt,overall,0.5757560621295507,0.001568007224648665,3,0.4475289674332414,0.0004474607496279074,3,0.642753588545522,0.001517020457699718,3,0.13990479040591877,0.0001497507170325901,3,0.003259215179916936,0.0003727624483307541,3,-8.952036350701187e-05,0.0001891131974620917,3,0.2909203197474715,0.0032407749708458504,3,0.3424888888888889,0.010544602504376749,3,0.657511111111111,0.01054460250437677,3
P6_fixed,split,isotonic,arrival_missing,0.5797306291825081,0.0014119259822173678,3,0.4486900364180033,0.00134547720752408,3,0.6448144113310265,0.0011100155852308508,3,0.14023672542976715,0.00023484370135416714,3,0.002966389220928733,0.001959565220900383,3,-4.8538091237273116e-05,0.0005371620547484274,3,0.2959845250218515,0.005423556116550662,3,0.362418151362875,0.01942242274132643,3,0.637581848637125,0.019422422741326415,3
P6_fixed,split,isotonic,both_missing,0.510850021694949,0.006159236653773034,3,0.45577497311461435,0.0005067181898525711,3,0.5667232735662654,0.0033469134392921825,3,0.14142645299169906,0.00016715483238402096,3,0.014487536620585056,0.002692229301353359,3,-0.004344038911136096,0.0016571801835188517,3,0.23149169750910323,0.007843025985180442,3,0.10340398201669877,0.013533273927877633,3,0.8965960179833012,0.013533273927877567,3
P6_fixed,split,isotonic,both_observed,0.5756042539580037,0.0023267266317855513,3,0.44957661966856605,0.0011081273303046703,3,0.6424253025290972,0.0017313860358874624,3,0.1398453332024698,0.00018270459916271486,3,0.00233231728788074,0.00020277811871848104,3,0.0001648484471634589,0.0003666544739184807,3,0.28930016671730036,0.006238638263329347,3,0.35093761959433606,0.015167637057679394,3,0.649062380405664,0.015167637057679423,3
P6_fixed,split,isotonic,departure_missing,0.5732517585732319,0.001110900816526338,3,0.4492705446563532,0.0016549511596524625,3,0.6420872005206545,0.00314368136610438,3,0.1405738755905137,0.00028746682302354705,3,0.005335374797273296,0.0023876564244032527,3,-0.0008161312757427411,0.0005660948485544282,3,0.28674860856726403,0.004120433476830599,3,0.3451730418943533,0.017416172502061122,3,0.6548269581056466,0.01741617250206113,3
P6_fixed,split,isotonic,overall,0.5754108216201382,0.002029194397351742,3,0.4495348023869312,0.0011648220857598637,3,0.6418701837398658,0.0017124821357569603,3,0.13997284840165758,0.00019362476018897122,3,0.0020473621241222286,0.0003209387105508494,3,-4.81819273012718e-06,0.0003803697818921071,3,0.28946741687463584,0.005893030641168113,3,0.3486370370370371,0.015771929015056065,3,0.6513629629629629,0.015771929015056023,3
P6_fixed,split,none,arrival_missing,0.578990602920897,0.0008984508657386531,3,0.4482070603796779,0.0004939236038979762,3,0.6458022372821399,0.0014144724555126588,3,0.1402147972421042,0.00018415645131226844,3,0.006880983611535951,0.0008414212620442027,3,-0.00223955895846753,0.00035216536310478424,3,0.2950953771870331,0.0025784013199985304,3,0.35807827013857163,0.009894167076360278,3,0.6419217298614283,0.009894167076360231,3
P6_fixed,split,none,both_missing,0.5064810254511719,0.003800013385644869,3,0.45504206498185756,0.0010981867723895943,3,0.5695926092968268,0.007661355829474932,3,0.14123388618054208,0.0002997450758263716,3,0.012847402531845587,0.0017321283958754146,3,-0.005369712321930842,0.000681479415951986,3,0.22204789396661664,0.017180988855554625,3,0.09633911368015415,0.0019267822736030865,3,0.9036608863198459,0.0019267822736031004,3
P6_fixed,split,none,both_observed,0.5755514646421712,0.001665904454969603,3,0.44722752969737184,0.0004044460051003792,3,0.6433900106096426,0.0015140073335309931,3,0.13977558073888097,0.00013355567273340264,3,0.004758631547646288,0.0008591278412870561,3,-0.0018955635257256187,0.00021986089667350815,3,0.28914807387256675,0.0032432588472746816,3,0.34997619781019856,0.01346493039216784,3,0.6500238021898014,0.013464930392167847,3
P6_fixed,split,none,departure_missing,0.5737460911293978,0.0017361023557618315,3,0.4490457208238712,0.000600177594412299,3,0.6420763020093166,0.003222496450353976,3,0.14060243044216278,0.0002030446947592159,3,0.009018922677673966,0.0023120919331994913,3,-0.002992227693741097,0.00039296685629123585,3,0.28766896197098846,0.001300359687255765,3,0.3436551305403765,0.015318312862939623,3,0.6563448694596236,0.015318312862939637,3
P6_fixed,split,none,overall,0.5753124930095845,0.0014975642552635423,3,0.4475920127707975,0.0004123674218446787,3,0.642743384361309,0.0015457492291053648,3,0.13991582438257674,0.00014087520904040483,3,0.005046236896909012,0.0006741129759960069,3,-0.0020768134126403584,0.00019817910271168135,3,0.2893061222253539,0.002931695440258309,3,0.34722222222222227,0.013118434865994238,3,0.6527777777777778,0.013118434865994214,3
P6_fixed,split,platt,arrival_missing,0.5798366460643449,0.001681243470937554,3,0.4480972775694896,0.0005320882071720358,3,0.6457732690655008,0.0013415074365555064,3,0.14018015284021956,0.00020035444065901866,3,0.004776042258898351,0.001004445506887614,3,-0.0001635807517004484,0.00047134778364441563,3,0.29565881942355704,0.004714234998222196,3,0.3641693315060149,0.010959944209247221,3,0.6358306684939851,0.010959944209247256,3
P6_fixed,split,platt,both_missing,0.5096351268720559,0.0031066967272501793,3,0.4551276182587987,0.0012031121855330716,3,0.569925500820212,0.007722217601266982,3,0.14126999300157236,0.000335625480947472,3,0.012629276073566599,0.0012919441732574606,3,-0.0041267378089288416,0.00039789680470120683,3,0.22802769492297323,0.013322915729721692,3,0.10211946050096339,0.005097786726521366,3,0.8978805394990367,0.005097786726521337,3
P6_fixed,split,platt,both_observed,0.5754696642172609,0.0018592246138143815,3,0.4471715887364987,0.0004338118551109409,3,0.6433610340755234,0.0015445291832953524,3,0.13976518773573215,0.00014012873025381258,3,0.0030874740080137093,0.0001948989054274904,3,0.00015986615165251386,0.0003892080268082137,3,0.28843027151895667,0.004414092271043775,3,0.3540459055566445,0.01469733382771835,3,0.6459540944433555,0.014697333827718333,3
P6_fixed,split,platt,departure_missing,0.5751267652777203,0.0030301760017697366,3,0.4489641205495524,0.0006687053537932005,3,0.6421480381519861,0.003219510251523572,3,0.14059573428790945,0.0002190987281290154,3,0.00770331884503577,0.0028395143976361623,3,-0.000983324501516401,0.000595566879317175,3,0.2888980156147921,0.0028974627655345177,3,0.3509411050394657,0.018345859928571556,3,0.6490588949605343,0.018345859928571646,3
P6_fixed,split,platt,overall,0.5754901376884763,0.0016945844401593468,3,0.44753005182708927,0.0004416019431430408,3,0.642725802857729,0.0015566707842370163,3,0.13990399918918217,0.00014788843051974165,3,0.0032098957267237666,0.00042649506585994336,3,-3.358090627277507e-05,0.00038510944244750795,3,0.28892776890581806,0.0040408601132371266,3,0.3518222222222222,0.014486213113521775,3,0.6481777777777777,0.014486213113521792,3
