seed,dimension,group,macro_f1,log_loss,roc_auc,brier,ece_10,calibration_bias,precision,recall,fpr,fnr,error_rate
42,overall,all,0.0003898429851898477,-0.00010862357772778442,0.00040022507829329257,-4.5306484974028116e-05,-0.00013863915205354974,0.00015170881191342578,0.0018654009142011208,-0.005822222222222229,-0.004599978095342405,0.005822222222222173,-0.0027607734871628042
42,raw_missing__Month,observed,0.0003898429851898477,-0.00010862357772778442,0.00040022507829329257,-4.5306484974028116e-05,-0.00013863915205354974,0.00015170881191342578,0.0018654009142011208,-0.005822222222222229,-0.004599978095342405,0.005822222222222173,-0.0027607734871628042
42,raw_missing__Month,missing,,,,,,,,,,,
42,raw_missing__Day_of_Month,observed,0.0003898429851898477,-0.00010862357772778442,0.00040022507829329257,-4.5306484974028116e-05,-0.00013863915205354974,0.00015170881191342578,0.0018654009142011208,-0.005822222222222229,-0.004599978095342405,0.005822222222222173,-0.0027607734871628042
42,raw_missing__Day_of_Month,missing,,,,,,,,,,,
42,raw_missing__Estimated_Departure_Time,observed,7.012252671612096e-05,-7.143631909090065e-05,0.0003244857611617302,-3.333668563509917e-05,-0.0001802676727562227,9.403027238502615e-05,0.0013157009942639242,-0.006211180124223614,-0.004335252390803485,0.006211180124223614,-0.0024740271174502615
42,raw_missing__Estimated_Departure_Time,missing,0.0030434152081069143,-0.0004120414747843526,0.0008265841086028125,-0.00014297034826313282,-0.0007633507897654677,0.0006223189566380849,0.006729483493783606,-0.002647118713093033,-0.006759703445268217,0.0026471187130930884,-0.005100391508925661
42,raw_missing__Estimated_Arrival_Time,observed,-6.144711872491104e-05,-6.159374778214044e-05,0.00013888116655702554,-3.5389751517039825e-05,-0.00025085270229571223,0.00010424554856186541,0.001179641771883344,-0.006782534972445964,-0.004529575779589151,0.006782534972445964,-0.0025339063950342577
42,raw_missing__Estimated_Arrival_Time,missing,0.004219324390718038,-0.0004947917562334592,0.0025464580002683146,-0.00012673410017588482,0.00083073695464573,0.0005414359696681026,0.007902560249277046,0.002042066571370238,-0.005178391187958042,-0.0020420665713701824,-0.0046236093050137095
42,raw_missing__Cancelled,observed,0.0003898429851898477,-0.00010862357772778442,0.00040022507829329257,-4.5306484974028116e-05,-0.00013863915205354974,0.00015170881191342578,0.0018654009142011208,-0.005822222222222229,-0.004599978095342405,0.005822222222222173,-0.0027607734871628042
42,raw_missing__Cancelled,missing,,,,,,,,,,,
42,raw_missing__Diverted,observed,0.0003898429851898477,-0.00010862357772778442,0.00040022507829329257,-4.5306484974028116e-05,-0.00013863915205354974,0.00015170881191342578,0.0018654009142011208,-0.005822222222222229,-0.004599978095342405,0.005822222222222173,-0.0027607734871628042
42,raw_missing__Diverted,missing,,,,,,,,,,,
42,raw_missing__Origin_Airport,observed,0.0003898429851898477,-0.00010862357772778442,0.00040022507829329257,-4.5306484974028116e-05,-0.00013863915205354974,0.00015170881191342578,0.0018654009142011208,-0.005822222222222229,-0.004599978095342405,0.005822222222222173,-0.0027607734871628042
42,raw_missing__Origin_Airport,missing,,,,,,,,,,,
42,raw_missing__Origin_Airport_ID,observed,0.0003898429851898477,-0.00010862357772778442,0.00040022507829329257,-4.5306484974028116e-05,-0.00013863915205354974,0.00015170881191342578,0.0018654009142011208,-0.005822222222222229,-0.004599978095342405,0.005822222222222173,-0.0027607734871628042
42,raw_missing__Origin_Airport_ID,missing,,,,,,,,,,,
42,raw_missing__Origin_State,observed,0.00039151238578516434,-0.0001491604314292072,0.0005896164623165889,-5.9405123690542405e-05,0.00012620480047076475,0.00014959659307337003,0.0019061254982366549,-0.006060303763373853,-0.004774175612676956,0.006060303763373742,-0.0028616082238217544
42,raw_missing__Origin_State,missing,0.00036434133891205533,0.0002219243700752882,-0.0011457584062365411,6.965744707865262e-05,-0.0027768183799099563,0.00016893238846527048,0.0014850629949392236,-0.003875178462166007,-0.0031804121465603408,0.003875178462166007,-0.001938541068351507
42,raw_missing__Destination_Airport,observed,0.0003898429851898477,-0.00010862357772778442,0.00040022507829329257,-4.5306484974028116e-05,-0.00013863915205354974,0.00015170881191342578,0.0018654009142011208,-0.005822222222222229,-0.004599978095342405,0.005822222222222173,-0.0027607734871628042
42,raw_missing__Destination_Airport,missing,,,,,,,,,,,
42,raw_missing__Destination_Airport_ID,observed,0.0003898429851898477,-0.00010862357772778442,0.00040022507829329257,-4.5306484974028116e-05,-0.00013863915205354974,0.00015170881191342578,0.0018654009142011208,-0.005822222222222229,-0.004599978095342405,0.005822222222222173,-0.0027607734871628042
42,raw_missing__Destination_Airport_ID,missing,,,,,,,,,,,
42,raw_missing__Destination_State,observed,3.13077054123756e-05,-9.35166686573119e-05,0.00037746493976031914,-4.0515129668988736e-05,-0.00012803978133111345,0.00016036416434980771,0.0013096720715164434,-0.006351499452027509,-0.004407639909175892,0.006351499452027509,-0.0025074453530878893
42,raw_missing__Destination_State,missing,0.003334263267134596,-0.00023269857919516745,0.0006209066561765342,-8.465850686911747e-05,3.833405993636241e-06,8.062128095381871e-05,0.006392313169087782,-0.0014427040395713076,-0.006177166389205291,0.001442704039571252,-0.0048413902738637105
42,raw_missing__Distance,observed,0.0003898429851898477,-0.00010862357772778442,0.00040022507829329257,-4.5306484974028116e-05,-0.00013863915205354974,0.00015170881191342578,0.0018654009142011208,-0.005822222222222229,-0.004599978095342405,0.005822222222222173,-0.0027607734871628042
42,raw_missing__Distance,missing,,,,,,,,,,,
42,raw_missing__Airline,observed,0.00010056095177601865,-0.00016573629693472647,0.0003650900600119522,-6.515652746230671e-05,6.957743078793172e-05,0.0005465007417183865,0.0006475131567634795,-0.002390140669737306,-0.0017939518195796977,0.0023901406697374172,-0.0010551259336765706
42,raw_missing__Airline,missing,0.0026369292123784582,0.00036308725101391603,0.0006647739189783453,0.00011864088301521969,-0.0018758938565639934,-0.0031089944250274892,0.012811918177976833,-0.034332988624612204,-0.02774719224840344,0.034332988624612204,-0.016848220769789396
42,raw_missing__Carrier_Code(IATA),observed,0.0006991766106583253,-0.00014480155844359688,0.0005121574743778279,-5.953413473167024e-05,-3.5984287736135455e-05,0.0003163573784971674,0.0020569163671363966,-0.003981170814762847,-0.003819954587952451,0.003981170814762902,-0.0024481205391149174
42,raw_missing__Carrier_Code(IATA),missing,-0.0020240745969799523,0.00018600098245263874,-0.00028113237612992226,7.055998875679648e-05,0.0008362114561771741,-0.0011891485425948312,0.0007016922716954754,-0.020347688660608487,-0.010996232366599495,0.02034768866060843,-0.005306942053930008
42,raw_missing__Carrier_ID(DOT),observed,0.0005114958380401102,-0.00010126374812907679,0.0003559470770057027,-4.7219576665508134e-05,-3.802398683927684e-05,0.00014798912564556455,0.002055920133506528,-0.005636191331238438,-0.004659787423917733,0.005636191331238494,-0.002842921960471978
42,raw_missing__Carrier_ID(DOT),missing,-0.0006060445713027551,-0.0001688461718770684,0.000744534274616071,-2.9652407259245228e-05,-0.001808518794975335,0.00018214554328976895,0.00030364182304254417,-0.007343941248470043,-0.004110547489942273,0.007343941248470043,-0.0020885848037450194
42,raw_missing__Tail_Number,observed,0.0003898429851898477,-0.00010862357772778442,0.00040022507829329257,-4.5306484974028116e-05,-0.00013863915205354974,0.00015170881191342578,0.0018654009142011208,-0.005822222222222229,-0.004599978095342405,0.005822222222222173,-0.0027607734871628042
42,raw_missing__Tail_Number,missing,,,,,,,,,,,
42,raw_missing_count,0,-0.0006039856461588222,-6.048977184330839e-05,5.330195592834208e-05,-4.308962070018185e-05,3.4882605978533814e-05,0.0004403851003695336,-0.0003009362057405096,-0.004313155123125523,-0.0019712726962748395,0.004313155123125578,-0.0008700466661393236
42,raw_missing_count,1,0.0006044768174610082,-0.00025463982915985284,0.001017355833224376,-8.655935247106616e-05,0.0005378852852885984,0.0002964191058726362,0.0018759446447513262,-0.00402599643411744,-0.0037280290235816582,0.004025996434117496,-0.0023427385380489496
42,raw_missing_count,2,0.0022305337866311836,9.169105294865032e-05,-0.00023069204413050937,2.9166284314818824e-05,-0.0020585765237782078,-0.0006178229106921507,0.0068177755342696544,-0.010597302504816997,-0.010846722256118213,0.010597302504816941,-0.007108872096277641
42,raw_missing_count,3,0.00393788252274796,-3.097055653605851e-05,0.0005987453607908533,2.5135395845948816e-05,-0.0028575144809360395,-0.0019412463439964223,0.014328398014308352,-0.021960784313725445,-0.021608040201005013,0.0219607843137255,-0.013940648723257426
42,raw_missing_count,4,-0.004427172750114283,0.000755677512741304,0.009339372734094686,0.0005406471890315179,0.008114892478052985,-0.004318387258605727,0.02682352941176469,-0.07453416149068326,-0.048034934497816595,0.07453416149068326,-0.024764150943396207
42,raw_missing_count,5,0.015425177989220829,0.003495422953895211,-0.03035714285714297,0.0010307413984157326,0.011642326833862224,-0.007504443161507279,0.0444444444444444,0.0,-0.01785714285714285,0.0,-0.015151515151515166
42,raw_missing_count,6,0.0,0.014211364191670905,,0.00775132228930845,0.008042371498396345,0.008042371498396345,0.0,,0.0,,0.0
42,raw_time_pattern,both_observed,-0.00043886692707040265,-3.040230105927355e-05,0.00011651172629711937,-2.505649201539617e-05,-0.00019657250898777977,7.169516717075997e-05,0.000528674107357463,-0.007028646635490465,-0.0040948224178037895,0.00702864663549041,-0.0021332595910264485
42,raw_time_pattern,departure_missing,0.003017413368169519,-0.00031618811704903216,0.00036816487149005095,-0.00011973305590637362,-0.0018232279503068872,0.0003699319687298086,0.006570944402276846,-0.0047814207650273555,-0.008081104907434605,0.0047814207650273,-0.0058041112454655375
42,raw_time_pattern,arrival_missing,0.004246648793699737,-0.00040850182387863754,0.0020149001931526467,-0.00010135263376920278,-7.608315395692296e-06,0.00027749740221144625,0.007803591451321201,0.0004568296025582175,-0.006313193588162763,-0.0004568296025583285,-0.005273191903622243
42,raw_time_pattern,both_missing,0.008724143827271491,-0.0011966412126321324,0.008626415939521292,-0.00033317728438028715,-0.007076102950291377,0.0026882117873882616,0.01744279729294232,0.01541425818882465,0.003980891719745222,-0.015414258188824581,0.0006598482349059742
1,overall,all,0.0006771429124230455,-0.0003304512573189533,0.0012168745228198219,-0.00011211090164831017,-3.4159021035948776e-05,0.00014281356252429656,0.0008495162383539423,0.0020888888888888624,0.0003523792743843901,-0.002088888888888918,-7.843106497623653e-05
1,raw_missing__Month,observed,0.0006771429124230455,-0.0003304512573189533,0.0012168745228198219,-0.00011211090164831017,-3.4159021035948776e-05,0.00014281356252429656,0.0008495162383539423,0.0020888888888888624,0.0003523792743843901,-0.002088888888888918,-7.843106497623653e-05
1,raw_missing__Month,missing,,,,,,,,,,,
1,raw_missing__Day_of_Month,observed,0.0006771429124230455,-0.0003304512573189533,0.0012168745228198219,-0.00011211090164831017,-3.4159021035948776e-05,0.00014281356252429656,0.0008495162383539423,0.0020888888888888624,0.0003523792743843901,-0.002088888888888918,-7.843106497623653e-05
1,raw_missing__Day_of_Month,missing,,,,,,,,,,,
1,raw_missing__Estimated_Departure_Time,observed,0.0006569798431356189,-0.0003120241963929238,0.0011469409627944405,-0.00010508482044507828,0.000265580143319147,2.8163665062863608e-05,0.0009477616346714735,0.0012971139215246508,-0.00016036691951185067,-0.0012971139215245397,-0.0003609790456066686
1,raw_missing__Estimated_Departure_Time,missing,0.0010129924124293588,-0.0004808011427377412,0.00161930776011876,-0.0001694380309223975,4.8490141314720334e-05,0.0010782638231952857,2.35744684370931e-05,0.008552229688454482,0.004535542956825123,-0.008552229688454482,0.002226931503897134
1,raw_missing__Estimated_Arrival_Time,observed,0.0007859398120676486,-0.0002960214967632213,0.0010831626945989603,-0.00010209895634319399,-0.00017357097178550066,0.0001744663873655128,0.0009633522773656589,0.002568386405007117,0.0005020992019827697,-0.002568386405007117,-3.95922874223964e-05
1,raw_missing__Estimated_Arrival_Time,missing,-0.00025415768748693335,-0.0006131585929729511,0.0023514369236625754,-0.00019432031397728644,0.0014211550115357553,-0.00011709198524423314,-8.01958190897456e-05,-0.001837859914233242,-0.0008776934216877808,0.0018378599142331309,-0.0003973414246496443
1,raw_missing__Cancelled,observed,0.0006771429124230455,-0.0003304512573189533,0.0012168745228198219,-0.00011211090164831017,-3.4159021035948776e-05,0.00014281356252429656,0.0008495162383539423,0.0020888888888888624,0.0003523792743843901,-0.002088888888888918,-7.843106497623653e-05
1,raw_missing__Cancelled,missing,,,,,,,,,,,
1,raw_missing__Diverted,observed,0.0006771429124230455,-0.0003304512573189533,0.0012168745228198219,-0.00011211090164831017,-3.4159021035948776e-05,0.00014281356252429656,0.0008495162383539423,0.0020888888888888624,0.0003523792743843901,-0.002088888888888918,-7.843106497623653e-05
1,raw_missing__Diverted,missing,,,,,,,,,,,
1,raw_missing__Origin_Airport,observed,0.0006771429124230455,-0.0003304512573189533,0.0012168745228198219,-0.00011211090164831017,-3.4159021035948776e-05,0.00014281356252429656,0.0008495162383539423,0.0020888888888888624,0.0003523792743843901,-0.002088888888888918,-7.843106497623653e-05
1,raw_missing__Origin_Airport,missing,,,,,,,,,,,
1,raw_missing__Origin_Airport_ID,observed,0.0006771429124230455,-0.0003304512573189533,0.0012168745228198219,-0.00011211090164831017,-3.4159021035948776e-05,0.00014281356252429656,0.0008495162383539423,0.0020888888888888624,0.0003523792743843901,-0.002088888888888918,-7.843106497623653e-05
1,raw_missing__Origin_Airport_ID,missing,,,,,,,,,,,
1,raw_missing__Origin_State,observed,0.001221167452087668,-0.00037453487671057495,0.001431529983270341,-0.00012705803378129654,4.7513027087551715e-05,0.00012337702437176246,0.0016772100244668575,0.0029428635558769733,7.484709807106804e-05,-0.002942863555877029,-0.0004578573158114385
1,raw_missing__Origin_State,missing,-0.0037677396040970423,2.9017931606756253e-05,-0.0005189643489215134,9.771864303120825e-06,-0.0008839349255773971,0.00030130410167789057,-0.005913764715604841,-0.004894962267999237,0.0026140373807345407,0.004894962267999237,0.003015508328546801
1,raw_missing__Destination_Airport,observed,0.0006771429124230455,-0.0003304512573189533,0.0012168745228198219,-0.00011211090164831017,-3.4159021035948776e-05,0.00014281356252429656,0.0008495162383539423,0.0020888888888888624,0.0003523792743843901,-0.002088888888888918,-7.843106497623653e-05
1,raw_missing__Destination_Airport,missing,,,,,,,,,,,
1,raw_missing__Destination_Airport_ID,observed,0.0006771429124230455,-0.0003304512573189533,0.0012168745228198219,-0.00011211090164831017,-3.4159021035948776e-05,0.00014281356252429656,0.0008495162383539423,0.0020888888888888624,0.0003523792743843901,-0.002088888888888918,-7.843106497623653e-05
1,raw_missing__Destination_Airport_ID,missing,,,,,,,,,,,
1,raw_missing__Destination_State,observed,0.0008448627856419977,-0.0003434027164337383,0.0012577141616224585,-0.0001188865845508924,-1.9401400461611408e-05,0.00015363367562162833,0.0010967439606061058,0.0023911527348809414,0.0002938426606117206,-0.002391152734880997,-0.00018036010434491212
1,raw_missing__Destination_State,missing,-0.0007003998610713991,-0.00022407924559941783,0.0009125408688793746,-5.646134010237058e-05,-0.0018325520077295248,5.394657178758866e-05,-0.0011690148124375854,-0.00041220115416323866,0.0008323841233680851,0.00041220115416318315,0.0007587253414264028
1,raw_missing__Distance,observed,0.0006771429124230455,-0.0003304512573189533,0.0012168745228198219,-0.00011211090164831017,-3.4159021035948776e-05,0.00014281356252429656,0.0008495162383539423,0.0020888888888888624,0.0003523792743843901,-0.002088888888888918,-7.843106497623653e-05
1,raw_missing__Distance,missing,,,,,,,,,,,
1,raw_missing__Airline,observed,0.0007991616807639934,-0.0004287393510973847,0.0014944365033702223,-0.00014348019691551306,-0.00018948499271726187,0.00048485225809524746,0.00035937053316453804,0.0061994273621311935,0.002957884845378428,-0.0061994273621311935,0.0013408892073806244
1,raw_missing__Airline,missing,-0.0005804394434535398,0.0004813391602170869,-0.0012547792182771023,0.00014697737978869307,0.002469161553748057,-0.00268218512060045,0.005187382637970417,-0.032057911065149935,-0.021140717903545464,0.03205791106514988,-0.011801016702977452
1,raw_missing__Carrier_Code(IATA),observed,0.0008215895355838665,-0.0003333695322534913,0.0011412208089094378,-0.00012133177082548907,0.00036285651292846527,0.0003124227470276686,0.0008168357113092495,0.003780860333516989,0.0012715373313743894,-0.0037808603335168778,0.000383069221048582
1,raw_missing__Carrier_Code(IATA),missing,-0.0004191768075896274,-0.00030668554535617787,0.0020520235836342104,-3.701841522249505e-05,0.0026395768872339038,-0.0012384418419546794,0.0013901017308486918,-0.011260371394705648,-0.00718478927538771,0.011260371394705704,-0.0038367756741251036
1,raw_missing__Carrier_ID(DOT),observed,0.0006355640005015761,-0.000349571818196448,0.0012181474342829457,-0.00012125255225536868,0.00015993289232349266,0.0001604528785301984,0.0007954476029293223,0.0019701730759639213,0.0003366589537922293,-0.0019701730759638103,-7.041292781351238e-05
1,raw_missing__Carrier_ID(DOT),missing,0.0010188661715507807,-0.00017399521955374642,0.0012189321761270078,-3.730836621107514e-05,-0.0001759445183786186,-1.5220303936358537e-06,0.0012958594096486031,0.0030599755201958234,0.00048102151478049415,-0.003059975520195768,-0.00014404033129278293
1,raw_missing__Tail_Number,observed,0.0006771429124230455,-0.0003304512573189533,0.0012168745228198219,-0.00011211090164831017,-3.4159021035948776e-05,0.00014281356252429656,0.0008495162383539423,0.0020888888888888624,0.0003523792743843901,-0.002088888888888918,-7.843106497623653e-05
1,raw_missing__Tail_Number,missing,,,,,,,,,,,
1,raw_missing_count,0,0.001665543869673436,-0.0004207034565741341,0.0013948219334333212,-0.00015368605720827988,0.0009581948173254346,0.0004813762462259341,0.0017811524710732995,0.007121721249811919,0.002173727729946312,-0.007121721249811919,0.0005448777101075275
1,raw_missing_count,1,3.1898222364379336e-05,-0.00036203293418146654,0.0013746848269760026,-0.00012162167070095542,1.85094439237362e-06,0.00019888885645549803,-0.00031425667776169286,0.0020705124518318185,0.0013636079314442995,-0.002070512451831874,0.0007500873389367224
1,raw_missing_count,2,0.0005886850457059722,-7.121543389143614e-05,0.00043911058009538095,-6.1132339441716255e-06,0.000356421471808842,-0.0006812782846573051,0.0022775600530679507,-0.006262042389210021,-0.0052877770998576434,0.006262042389210021,-0.0032745591939546403
1,raw_missing_count,3,-0.004633598144606732,0.00017225925270908382,0.000985253062699143,0.00013868382515580535,0.0019027932446747317,-0.001542642868214178,-0.002684678522571815,-0.026666666666666672,-0.011390284757118924,0.026666666666666727,-0.004692891649413389
1,raw_missing_count,4,-0.016569763061521803,-9.029713791353089e-06,0.0006012277703939528,-0.00011958609306883528,0.0017347567713782847,-0.0024038138917335528,-0.016770186335403725,-0.05590062111801242,-0.017467248908296956,0.05590062111801242,-0.003537735849056589
1,raw_missing_count,5,-0.04372318910559203,0.002005099206438543,-0.0035714285714286698,0.0007141723583316134,-0.016363004367064837,-0.0024949497942319265,-0.009615384615384637,-0.2,-0.05357142857142856,0.19999999999999996,-0.015151515151515138
1,raw_missing_count,6,0.0,0.003594060917045505,,0.0011609210487338595,0.0028675325384800443,0.0028675325384801,,,0.0,,0.0
1,raw_time_pattern,both_observed,0.0006827689326512898,-0.000269042562623667,0.0009921366853378188,-9.240861653839194e-05,0.00020512178894200716,0.00010462596534394075,0.0009300625261497997,0.0016801545742208268,5.9953476102547754e-05,-0.0016801545742207713,-0.00024690504525770596
1,raw_time_pattern,departure_missing,0.0016476590995774254,-0.0005162320173527912,0.0017652298741369643,-0.0001811945485581945,0.0005147361060086758,0.0007445258126909104,0.0012156464595773353,0.009790528233151186,0.00411401704378489,-0.009790528233151186,0.001652559451833957
1,raw_time_pattern,arrival_missing,0.00048660001211886517,-0.000665087990241453,0.00240577959858701,-0.00020921089128972392,0.0017953088164225249,-0.0005999201804332832,0.001182195724731827,-0.001827318410232981,-0.0019728729963008618,0.001827318410232981,-0.0012980164685839068
1,raw_time_pattern,both_missing,-0.005300613938526433,-0.00019078464679617158,9.08931924451517e-05,-7.320602744365079e-05,-0.003956491900302436,0.0038100487260706306,-0.025367097511650394,-0.0019267822736030865,0.007961783439490444,0.0019267822736031004,0.006928406466512715
7,overall,all,-0.0021985463697197227,0.00037982987901352683,-0.0014784821659579173,0.00011607106866748373,-0.0012661168267364999,-0.0005967047629499012,0.00013680851211655964,-0.020711111111111125,-0.010833281746277401,0.020711111111111125,-0.005266646013152909
7,raw_missing__Month,observed,-0.0021985463697197227,0.00037982987901352683,-0.0014784821659579173,0.00011607106866748373,-0.0012661168267364999,-0.0005967047629499012,0.00013680851211655964,-0.020711111111111125,-0.010833281746277401,0.020711111111111125,-0.005266646013152909
7,raw_missing__Month,missing,,,,,,,,,,,
7,raw_missing__Day_of_Month,observed,-0.0021985463697197227,0.00037982987901352683,-0.0014784821659579173,0.00011607106866748373,-0.0012661168267364999,-0.0005967047629499012,0.00013680851211655964,-0.020711111111111125,-0.010833281746277401,0.020711111111111125,-0.005266646013152909
7,raw_missing__Day_of_Month,missing,,,,,,,,,,,
7,raw_missing__Estimated_Departure_Time,observed,-0.002509584971600476,0.0004506362681137577,-0.0016809491905084295,0.00013958585665524437,-0.0017902772592719878,-0.0006531984527859414,-0.00035088944511635356,-0.021477213200628564,-0.010792693683147059,0.021477213200628564,-0.005097728473322738
7,raw_missing__Estimated_Departure_Time,missing,0.0004323540371518053,-0.00019789288051330622,0.0001374798495648033,-7.579054691003728e-05,-0.0005839320675717716,-0.0001357620316123631,0.004418973035048901,-0.014457340663815932,-0.011164413432184911,0.014457340663815876,-0.006644876261628518
7,raw_missing__Estimated_Arrival_Time,observed,-0.002196903521272775,0.00042587071269833965,-0.0016328115720349867,0.0001293054785447556,-0.0013522729790398703,-0.0006394413642774877,0.00011375535801366743,-0.02097099967583471,-0.01096606023053831,0.02097099967583471,-0.005331761372884547
7,raw_missing__Estimated_Arrival_Time,missing,-0.0021937739926707334,1.7824801284982428e-06,-0.0001719227021478309,7.401571843729249e-06,-0.0007583625291335784,-0.000245788854699891,0.00032598120910926065,-0.018582805799469082,-0.009742396980734619,0.018582805799469138,-0.004731975148099976
7,raw_missing__Cancelled,observed,-0.0021985463697197227,0.00037982987901352683,-0.0014784821659579173,0.00011607106866748373,-0.0012661168267364999,-0.0005967047629499012,0.00013680851211655964,-0.020711111111111125,-0.010833281746277401,0.020711111111111125,-0.005266646013152909
7,raw_missing__Cancelled,missing,,,,,,,,,,,
7,raw_missing__Diverted,observed,-0.0021985463697197227,0.00037982987901352683,-0.0014784821659579173,0.00011607106866748373,-0.0012661168267364999,-0.0005967047629499012,0.00013680851211655964,-0.020711111111111125,-0.010833281746277401,0.020711111111111125,-0.005266646013152909
7,raw_missing__Diverted,missing,,,,,,,,,,,
7,raw_missing__Origin_Airport,observed,-0.0021985463697197227,0.00037982987901352683,-0.0014784821659579173,0.00011607106866748373,-0.0012661168267364999,-0.0005967047629499012,0.00013680851211655964,-0.020711111111111125,-0.010833281746277401,0.020711111111111125,-0.005266646013152909
7,raw_missing__Origin_Airport,missing,,,,,,,,,,,
7,raw_missing__Origin_Airport_ID,observed,-0.0021985463697197227,0.00037982987901352683,-0.0014784821659579173,0.00011607106866748373,-0.0012661168267364999,-0.0005967047629499012,0.00013680851211655964,-0.020711111111111125,-0.010833281746277401,0.020711111111111125,-0.005266646013152909
7,raw_missing__Origin_Airport_ID,missing,,,,,,,,,,,
7,raw_missing__Origin_State,observed,-0.0022199405621894375,0.00032739162698597335,-0.001173228975591467,0.00010090284548822104,-0.001156257417726883,-0.0006105331583974305,6.904603457813518e-05,-0.02064992393445897,-0.010783328343526799,0.020649923934458858,-0.005234541812498661
7,raw_missing__Origin_State,missing,-0.0020202847975149263,0.0008074248946944307,-0.003969577218418174,0.00023975666796563488,-0.0014113856506254834,-0.0004839444641296653,0.0006985820890683669,-0.021211503161329748,-0.011240360737158561,0.021211503161329803,-0.005528431935669154
7,raw_missing__Destination_Airport,observed,-0.0021985463697197227,0.00037982987901352683,-0.0014784821659579173,0.00011607106866748373,-0.0012661168267364999,-0.0005967047629499012,0.00013680851211655964,-0.020711111111111125,-0.010833281746277401,0.020711111111111125,-0.005266646013152909
7,raw_missing__Destination_Airport,missing,,,,,,,,,,,
7,raw_missing__Destination_Airport_ID,observed,-0.0021985463697197227,0.00037982987901352683,-0.0014784821659579173,0.00011607106866748373,-0.0012661168267364999,-0.0005967047629499012,0.00013680851211655964,-0.020711111111111125,-0.010833281746277401,0.020711111111111125,-0.005266646013152909
7,raw_missing__Destination_Airport_ID,missing,,,,,,,,,,,
7,raw_missing__Destination_State,observed,-0.002371360313130899,0.0003798406404719179,-0.001528602684825242,0.00011458316696583148,-0.0010693110951635635,-0.0005820878996978807,-0.0002270368482447105,-0.020573876656371448,-0.010492854280753305,0.020573876656371448,-0.005006092652305338
7,raw_missing__Destination_State,missing,-0.0007585713527806792,0.0003797414937610766,-0.0010845020311732734,0.00012829139811759704,-0.0011266563577320933,-0.0007167549546196195,0.0031810130279097404,-0.02184666117065126,-0.013624813808814529,0.02184666117065126,-0.0074066045234482125
7,raw_missing__Distance,observed,-0.0021985463697197227,0.00037982987901352683,-0.0014784821659579173,0.00011607106866748373,-0.0012661168267364999,-0.0005967047629499012,0.00013680851211655964,-0.020711111111111125,-0.010833281746277401,0.020711111111111125,-0.005266646013152909
7,raw_missing__Distance,missing,,,,,,,,,,,
7,raw_missing__Airline,observed,-0.0021172080402451776,0.0003007601261342807,-0.0012739247412683063,8.825554405397784e-05,-0.0015310717711578482,-0.0002222533709240193,-0.0005016264408017612,-0.016955060375949182,-0.008350418588757902,0.016955060375949182,-0.003881984164318286
7,raw_missing__Airline,missing,-0.0031841725084774675,0.0010328903386964683,-0.0032618083612322435,0.00034580770788761317,0.001059377918161488,-0.0036894094863193228,0.0053983092234712315,-0.0519131334022751,-0.03131468839462673,0.05191313340227499,-0.016702977487291215
7,raw_missing__Carrier_Code(IATA),observed,-0.0021058642495781488,0.00029528444928694775,-0.0012035494203942454,8.628843939179065e-05,-0.002290569272786835,-0.00037252620139471837,-4.956014099782857e-05,-0.019079573338674938,-0.009825030052090289,0.019079573338674938,-0.0047421327709114
7,raw_missing__Carrier_Code(IATA),missing,-0.002852009258930477,0.0010683470255102856,-0.0034286145928746903,0.00035861346262497373,0.0011474347480768653,-0.0024223597274680153,0.0019423655281116115,-0.033583563808771255,-0.019101025146762457,0.033583563808771255,-0.009538152610441775
7,raw_missing__Carrier_ID(DOT),observed,-0.0020946937872637905,0.00042820276745469954,-0.0016175572404079075,0.00012812330777198233,-0.0011387580265141885,-0.000606852819399345,0.0003433782668612051,-0.020848920145643157,-0.011104401682226012,0.020848920145643213,-0.0054658035215265355
7,raw_missing__Carrier_ID(DOT),missing,-0.0030604374657364763,-1.5986462843675664e-05,-0.0003408685342027873,1.7452331038642077e-05,-0.001972859789648581,-0.0005136672038907331,-0.0016000420130706794,-0.019583843329253336,-0.008614658037432221,0.019583843329253448,-0.0036370183651422416
7,raw_missing__Tail_Number,observed,-0.0021985463697197227,0.00037982987901352683,-0.0014784821659579173,0.00011607106866748373,-0.0012661168267364999,-0.0005967047629499012,0.00013680851211655964,-0.020711111111111125,-0.010833281746277401,0.020711111111111125,-0.005266646013152909
7,raw_missing__Tail_Number,missing,,,,,,,,,,,
7,raw_missing_count,0,-0.0021295116717123808,0.00029365724189694964,-0.0012089869370526252,8.498423446387515e-05,-0.002285294179762534,-0.00026449785534640724,-0.0005833242593182852,-0.01715231455940619,-0.008364589549058055,0.017152314559406245,-0.003893239122219616
7,raw_missing_count,1,-0.0030301844427371716,0.0004730499300870661,-0.0014482931182127068,0.00013858768579003145,-0.00029775913970785974,-0.00047329879076793424,-0.00137975779339089,-0.02116523839650314,-0.009933070619878664,0.021165238396503083,-0.0043772220053019395
7,raw_missing_count,2,-0.00021167995515714022,0.00042983260342505103,-0.0026188502422160864,0.0001487032647891906,-0.000576602598093565,-0.0014268578839628787,0.005559135265290838,-0.0256904303147078,-0.01759202765914175,0.025690430314707746,-0.01004757906521131
7,raw_missing_count,3,-0.0011708536930635782,1.9314587244967374e-05,0.00013617105133512108,6.886052318369473e-05,0.0012514594645360207,-0.002922174194031013,0.008728738623756005,-0.039215686274509776,-0.02495812395309882,0.03921568627450989,-0.013664596273291946
7,raw_missing_count,4,-0.0018592599038923519,0.0016023045540737302,0.00031643566862860073,0.0004908156571066524,0.003204083888792921,-0.004082689660413891,0.018720465285350762,-0.05590062111801242,-0.04075691411935953,0.05590062111801253,-0.0224056603773585
7,raw_missing_count,5,-0.14423182316404815,0.008455757613932524,-0.023214285714285854,0.003262946091449434,-0.008423561160503225,-0.0057317883923079516,-0.2142857142857143,-0.3,0.0,0.30000000000000004,0.04545454545454544
7,raw_missing_count,6,0.0,-0.0034100902263394794,,-0.0010405075872393227,-0.002768593296970795,-0.0027685932969708227,,,0.0,,0.0
7,raw_time_pattern,both_observed,-0.002597921186636598,0.0004958608155296584,-0.001782392954467693,0.0001534002009357105,-0.001666766013565185,-0.0006558191727008,-0.0005348956375662017,-0.021449973397552613,-0.010653732703422153,0.021449973397552613,-0.004992420015110632
7,raw_time_pattern,departure_missing,0.001070283445133935,-0.00014541045433402733,-0.0004083373344102581,-6.73632013111769e-05,-9.88340434828934e-05,-0.0005057605561203937,0.005404412118157675,-0.01707650273224043,-0.013517484572436095,0.017076502732240373,-0.008101571946795616
7,raw_time_pattern,arrival_missing,-0.001777550291211183,7.91485212436327e-05,-0.0008760538484373637,2.6110765704551175e-05,-0.0021541668340579207,-0.0006316710878488396,0.0011733870905382138,-0.021699406121516662,-0.011935881627620215,0.021699406121516662,-0.005962763152557504
7,raw_time_pattern,both_missing,0.0014294943734426413,-0.0006274834425414322,0.008689312494630785,-0.0001447718878232196,-0.0022984438004791767,0.0028928303118529453,-0.005811670462577551,0.007707129094412332,0.007961783439490444,-0.007707129094412402,0.005278785879247766
