bin,lower,upper,n,mean_probability,observed_rate,phase_key,seed,arm,calibrator
0,0.0,0.1,33992,0.0851484148292218,0.07972464109202165,P6_fixed,42,shared,none
1,0.1,0.2,141842,0.14920866566143628,0.1478123545917288,P6_fixed,42,shared,none
2,0.2,0.3,65400,0.23812658262669767,0.25209480122324157,P6_fixed,42,shared,none
3,0.3,0.4,11921,0.33518339048326323,0.34200150994044126,P6_fixed,42,shared,none
4,0.4,0.5,1597,0.43393811338981475,0.406386975579211,P6_fixed,42,shared,none
5,0.5,0.6,229,0.5322995804684137,0.4672489082969432,P6_fixed,42,shared,none
6,0.6,0.7,18,0.6279194439726967,0.16666666666666666,P6_fixed,42,shared,none
7,0.7,0.8,2,0.7075405631342995,0.5,P6_fixed,42,shared,none
8,0.8,0.9,0,,,P6_fixed,42,shared,none
9,0.9,1.0,0,,,P6_fixed,42,shared,none
0,0.0,0.1,37749,0.08350265293341226,0.08127367612387083,P6_fixed,42,shared,platt
1,0.1,0.2,134637,0.1490343994788118,0.1476191537244591,P6_fixed,42,shared,platt
2,0.2,0.3,65843,0.23942088857040497,0.2469358929574898,P6_fixed,42,shared,platt
3,0.3,0.4,14047,0.3367394694139932,0.33644194489926676,P6_fixed,42,shared,platt
4,0.4,0.5,2316,0.4357905644367908,0.38212435233160624,P6_fixed,42,shared,platt
5,0.5,0.6,366,0.5361910173558335,0.4644808743169399,P6_fixed,42,shared,platt
6,0.6,0.7,39,0.6295701305474266,0.41025641025641024,P6_fixed,42,shared,platt
7,0.7,0.8,4,0.7340994781590535,0.25,P6_fixed,42,shared,platt
8,0.8,0.9,0,,,P6_fixed,42,shared,platt
9,0.9,1.0,0,,,P6_fixed,42,shared,platt
0,0.0,0.1,35567,0.076310908099268,0.08069277701239913,P6_fixed,42,shared,isotonic
1,0.1,0.2,138499,0.1481971776569352,0.1474306673694395,P6_fixed,42,shared,isotonic
2,0.2,0.3,63379,0.24760938653946798,0.24866280629230503,P6_fixed,42,shared,isotonic
3,0.3,0.4,16517,0.33586791553627143,0.33420112611249014,P6_fixed,42,shared,isotonic
4,0.4,0.5,972,0.42789646989371,0.4125514403292181,P6_fixed,42,shared,isotonic
5,0.5,0.6,12,0.5169789927025606,0.25,P6_fixed,42,shared,isotonic
6,0.6,0.7,50,0.6539877408484712,0.5,P6_fixed,42,shared,isotonic
7,0.7,0.8,0,,,P6_fixed,42,shared,isotonic
8,0.8,0.9,1,0.8613158818825837,1.0,P6_fixed,42,shared,isotonic
9,0.9,1.0,4,0.9768707703726585,0.25,P6_fixed,42,shared,isotonic
0,0.0,0.1,33992,0.0851484148292218,0.07972464109202165,P6_fixed,42,split,none
1,0.1,0.2,141842,0.14920866566143628,0.1478123545917288,P6_fixed,42,split,none
2,0.2,0.3,65400,0.23812658262669767,0.25209480122324157,P6_fixed,42,split,none
3,0.3,0.4,11921,0.33518339048326323,0.34200150994044126,P6_fixed,42,split,none
4,0.4,0.5,1597,0.43393811338981475,0.406386975579211,P6_fixed,42,split,none
5,0.5,0.6,229,0.5322995804684137,0.4672489082969432,P6_fixed,42,split,none
6,0.6,0.7,18,0.6279194439726967,0.16666666666666666,P6_fixed,42,split,none
7,0.7,0.8,2,0.7075405631342995,0.5,P6_fixed,42,split,none
8,0.8,0.9,0,,,P6_fixed,42,split,none
9,0.9,1.0,0,,,P6_fixed,42,split,none
0,0.0,0.1,37440,0.0836230467773402,0.08055555555555556,P6_fixed,42,split,platt
1,0.1,0.2,135174,0.1490677808892914,0.1478390814801663,P6_fixed,42,split,platt
2,0.2,0.3,65836,0.2393894499308727,0.24715960872470988,P6_fixed,42,split,platt
3,0.3,0.4,13900,0.33652422709402907,0.3363309352517986,P6_fixed,42,split,platt
4,0.4,0.5,2266,0.43558732189479965,0.3852603706972639,P6_fixed,42,split,platt
5,0.5,0.6,344,0.5377897172826874,0.4738372093023256,P6_fixed,42,split,platt
6,0.6,0.7,36,0.6316079369657143,0.4444444444444444,P6_fixed,42,split,platt
7,0.7,0.8,5,0.7273003428545994,0.2,P6_fixed,42,split,platt
8,0.8,0.9,0,,,P6_fixed,42,split,platt
9,0.9,1.0,0,,,P6_fixed,42,split,platt
0,0.0,0.1,35949,0.07647374591234911,0.08197724554229603,P6_fixed,42,split,isotonic
1,0.1,0.2,132160,0.14590678275650468,0.1449984866828087,P6_fixed,42,split,isotonic
2,0.2,0.3,70031,0.24423879527193323,0.2442204166726164,P6_fixed,42,split,isotonic
3,0.3,0.4,15428,0.33247532888057263,0.33763287529167746,P6_fixed,42,split,isotonic
4,0.4,0.5,1042,0.4173210680618919,0.3838771593090211,P6_fixed,42,split,isotonic
5,0.5,0.6,335,0.5240887814014092,0.44776119402985076,P6_fixed,42,split,isotonic
6,0.6,0.7,49,0.62618679991671,0.5102040816326531,P6_fixed,42,split,isotonic
7,0.7,0.8,0,,,P6_fixed,42,split,isotonic
8,0.8,0.9,0,,,P6_fixed,42,split,isotonic
9,0.9,1.0,7,0.9758440072276258,0.42857142857142855,P6_fixed,42,split,isotonic
0,0.0,0.1,33216,0.08515977745254757,0.07966040462427745,P6_clean,42,shared,none
1,0.1,0.2,143252,0.14947320510713744,0.14794906877390893,P6_clean,42,shared,none
2,0.2,0.3,64868,0.238718335485549,0.2520194857248566,P6_clean,42,shared,none
3,0.3,0.4,11935,0.3349005635559435,0.34285714285714286,P6_clean,42,shared,none
4,0.4,0.5,1532,0.43354430242605163,0.4066579634464752,P6_clean,42,shared,none
5,0.5,0.6,181,0.5285207432767307,0.4972375690607735,P6_clean,42,shared,none
6,0.6,0.7,16,0.6323460708394651,0.4375,P6_clean,42,shared,none
7,0.7,0.8,1,0.7278530651936665,0.0,P6_clean,42,shared,none
8,0.8,0.9,0,,,P6_clean,42,shared,none
9,0.9,1.0,0,,,P6_clean,42,shared,none
0,0.0,0.1,37491,0.08338508069611286,0.08140620415566402,P6_clean,42,shared,platt
1,0.1,0.2,135801,0.14933804857444904,0.1482978770406698,P6_clean,42,shared,platt
2,0.2,0.3,64912,0.24012885729749447,0.24704214937145674,P6_clean,42,shared,platt
3,0.3,0.4,14140,0.3366108769993375,0.33373408769448376,P6_clean,42,shared,platt
4,0.4,0.5,2269,0.4338576998958071,0.3887174966945791,P6_clean,42,shared,platt
5,0.5,0.6,356,0.5319940461042975,0.4438202247191011,P6_clean,42,shared,platt
6,0.6,0.7,27,0.6322474034704789,0.4444444444444444,P6_clean,42,shared,platt
7,0.7,0.8,5,0.7272961749839977,0.4,P6_clean,42,shared,platt
8,0.8,0.9,0,,,P6_clean,42,shared,platt
9,0.9,1.0,0,,,P6_clean,42,shared,platt
0,0.0,0.1,34015,0.07517395330975939,0.08017051300896663,P6_clean,42,shared,isotonic
1,0.1,0.2,135265,0.14608280905721033,0.14510035855542824,P6_clean,42,shared,isotonic
2,0.2,0.3,65432,0.24078028978255955,0.24237376207360312,P6_clean,42,shared,isotonic
3,0.3,0.4,19062,0.3320631849022078,0.3294512642954569,P6_clean,42,shared,isotonic
4,0.4,0.5,1088,0.4277562436719169,0.4016544117647059,P6_clean,42,shared,isotonic
5,0.5,0.6,77,0.5154982485914787,0.4805194805194805,P6_clean,42,shared,isotonic
6,0.6,0.7,61,0.6101434073298825,0.5409836065573771,P6_clean,42,shared,isotonic
7,0.7,0.8,0,,,P6_clean,42,shared,isotonic
8,0.8,0.9,0,,,P6_clean,42,shared,isotonic
9,0.9,1.0,1,0.9556134869445256,0.0,P6_clean,42,shared,isotonic
0,0.0,0.1,33216,0.08515977745254757,0.07966040462427745,P6_clean,42,split,none
1,0.1,0.2,143252,0.14947320510713744,0.14794906877390893,P6_clean,42,split,none
2,0.2,0.3,64868,0.238718335485549,0.2520194857248566,P6_clean,42,split,none
3,0.3,0.4,11935,0.3349005635559435,0.34285714285714286,P6_clean,42,split,none
4,0.4,0.5,1532,0.43354430242605163,0.4066579634464752,P6_clean,42,split,none
5,0.5,0.6,181,0.5285207432767307,0.4972375690607735,P6_clean,42,split,none
6,0.6,0.7,16,0.6323460708394651,0.4375,P6_clean,42,split,none
7,0.7,0.8,1,0.7278530651936665,0.0,P6_clean,42,split,none
8,0.8,0.9,0,,,P6_clean,42,split,none
9,0.9,1.0,0,,,P6_clean,42,split,none
0,0.0,0.1,37239,0.0833528109252795,0.0813931630817154,P6_clean,42,split,platt
1,0.1,0.2,136205,0.14929261640363242,0.1480929481296575,P6_clean,42,split,platt
2,0.2,0.3,64849,0.24009852861689004,0.2472821477586393,P6_clean,42,split,platt
3,0.3,0.4,14135,0.3363804631288645,0.3347718429430492,P6_clean,42,split,platt
4,0.4,0.5,2207,0.43454338786669894,0.39057544177616677,P6_clean,42,split,platt
5,0.5,0.6,334,0.533649054839223,0.46407185628742514,P6_clean,42,split,platt
6,0.6,0.7,28,0.6354396511576675,0.39285714285714285,P6_clean,42,split,platt
7,0.7,0.8,4,0.7340016117722173,0.5,P6_clean,42,split,platt
8,0.8,0.9,0,,,P6_clean,42,split,platt
9,0.9,1.0,0,,,P6_clean,42,split,platt
0,0.0,0.1,38217,0.07767242389611874,0.0824763848549075,P6_clean,42,split,isotonic
1,0.1,0.2,133118,0.14831476576241098,0.14751573791673553,P6_clean,42,split,isotonic
2,0.2,0.3,62588,0.24012186031995497,0.24250655077650668,P6_clean,42,split,isotonic
3,0.3,0.4,19554,0.3314619883321111,0.32729876240155464,P6_clean,42,split,isotonic
4,0.4,0.5,1330,0.4346686312231995,0.4037593984962406,P6_clean,42,split,isotonic
5,0.5,0.6,164,0.5342083082954308,0.47560975609756095,P6_clean,42,split,isotonic
6,0.6,0.7,30,0.6370868685370848,0.6,P6_clean,42,split,isotonic
7,0.7,0.8,0,,,P6_clean,42,split,isotonic
8,0.8,0.9,0,,,P6_clean,42,split,isotonic
9,0.9,1.0,0,,,P6_clean,42,split,isotonic
0,0.0,0.1,36380,0.08405844721222219,0.08004398020890599,P6_fixed,1,shared,none
1,0.1,0.2,139229,0.14985334439441075,0.15040688362338306,P6_fixed,1,shared,none
2,0.2,0.3,65484,0.23849618445780124,0.24975566550607783,P6_fixed,1,shared,none
3,0.3,0.4,11967,0.3350241173676495,0.3380128687223197,P6_fixed,1,shared,none
4,0.4,0.5,1690,0.43450396633902116,0.37041420118343193,P6_fixed,1,shared,none
5,0.5,0.6,229,0.5353145324440307,0.48034934497816595,P6_fixed,1,shared,none
6,0.6,0.7,21,0.6486836507519091,0.5238095238095238,P6_fixed,1,shared,none
7,0.7,0.8,1,0.719074909010071,0.0,P6_fixed,1,shared,none
8,0.8,0.9,0,,,P6_fixed,1,shared,none
9,0.9,1.0,0,,,P6_fixed,1,shared,none
0,0.0,0.1,37357,0.08333834713752084,0.08073453435768396,P6_fixed,1,shared,platt
1,0.1,0.2,135021,0.14990199089789838,0.14961376378489272,P6_fixed,1,shared,platt
2,0.2,0.3,66596,0.23928693701863613,0.245720463691513,P6_fixed,1,shared,platt
3,0.3,0.4,13574,0.3357689331427806,0.3302637395019891,P6_fixed,1,shared,platt
4,0.4,0.5,2096,0.43514935905072377,0.3702290076335878,P6_fixed,1,shared,platt
5,0.5,0.6,317,0.5345223541586084,0.4479495268138801,P6_fixed,1,shared,platt
6,0.6,0.7,35,0.6353915642095335,0.45714285714285713,P6_fixed,1,shared,platt
7,0.7,0.8,5,0.7167823402435664,0.4,P6_fixed,1,shared,platt
8,0.8,0.9,0,,,P6_fixed,1,shared,platt
9,0.9,1.0,0,,,P6_fixed,1,shared,platt
0,0.0,0.1,32053,0.07796329243220135,0.07790222444076997,P6_fixed,1,shared,isotonic
1,0.1,0.2,135888,0.1437406968224213,0.14598787236547744,P6_fixed,1,shared,isotonic
2,0.2,0.3,69379,0.24350742122713934,0.2410815952954064,P6_fixed,1,shared,isotonic
3,0.3,0.4,16174,0.3322133897857817,0.3307777915172499,P6_fixed,1,shared,isotonic
4,0.4,0.5,1400,0.4189775312291324,0.38642857142857145,P6_fixed,1,shared,isotonic
5,0.5,0.6,82,0.5501287693570225,0.4268292682926829,P6_fixed,1,shared,isotonic
6,0.6,0.7,2,0.6666666666666666,0.5,P6_fixed,1,shared,isotonic
7,0.7,0.8,1,0.7530078460405156,1.0,P6_fixed,1,shared,isotonic
8,0.8,0.9,14,0.8025240005310277,0.42857142857142855,P6_fixed,1,shared,isotonic
9,0.9,1.0,8,0.9949817346067882,0.625,P6_fixed,1,shared,isotonic
0,0.0,0.1,36265,0.08410138177484831,0.0800220598373087,P6_fixed,1,split,none
1,0.1,0.2,139293,0.14973756641707422,0.15043110565498624,P6_fixed,1,split,none
2,0.2,0.3,65487,0.23857734925668406,0.24933192847435368,P6_fixed,1,split,none
3,0.3,0.4,11998,0.3351897302309538,0.3382230371728621,P6_fixed,1,split,none
4,0.4,0.5,1725,0.434739991313958,0.3710144927536232,P6_fixed,1,split,none
5,0.5,0.6,216,0.5348811733365632,0.5185185185185185,P6_fixed,1,split,none
6,0.6,0.7,16,0.6481032274306442,0.375,P6_fixed,1,split,none
7,0.7,0.8,1,0.719074909010071,0.0,P6_fixed,1,split,none
8,0.8,0.9,0,,,P6_fixed,1,split,none
9,0.9,1.0,0,,,P6_fixed,1,split,none
0,0.0,0.1,36938,0.08358531506520947,0.08035085819481293,P6_fixed,1,split,platt
1,0.1,0.2,135492,0.14984238863094934,0.1495660260384377,P6_fixed,1,split,platt
2,0.2,0.3,66690,0.23924821735521237,0.24546408756935073,P6_fixed,1,split,platt
3,0.3,0.4,13473,0.3357229854239508,0.33288799821865955,P6_fixed,1,split,platt
4,0.4,0.5,2073,0.4352826572419265,0.36468885672937773,P6_fixed,1,split,platt
5,0.5,0.6,301,0.5354370962502922,0.4584717607973422,P6_fixed,1,split,platt
6,0.6,0.7,30,0.6341625702792335,0.5333333333333333,P6_fixed,1,split,platt
7,0.7,0.8,4,0.7152508183233608,0.5,P6_fixed,1,split,platt
8,0.8,0.9,0,,,P6_fixed,1,split,platt
9,0.9,1.0,0,,,P6_fixed,1,split,platt
0,0.0,0.1,33641,0.07842240699700061,0.07963496923397045,P6_fixed,1,split,isotonic
1,0.1,0.2,133718,0.1440243100962724,0.14610598423548063,P6_fixed,1,split,isotonic
2,0.2,0.3,69066,0.2408401491761929,0.24032085251788143,P6_fixed,1,split,isotonic
3,0.3,0.4,16695,0.33433163003591915,0.3286013776579814,P6_fixed,1,split,isotonic
4,0.4,0.5,1629,0.4285577392719037,0.35850214855739715,P6_fixed,1,split,isotonic
5,0.5,0.6,109,0.5361282851491439,0.45871559633027525,P6_fixed,1,split,isotonic
6,0.6,0.7,82,0.6809483769853995,0.4878048780487805,P6_fixed,1,split,isotonic
7,0.7,0.8,27,0.7542199954094571,0.37037037037037035,P6_fixed,1,split,isotonic
8,0.8,0.9,7,0.8485666872876129,0.42857142857142855,P6_fixed,1,split,isotonic
9,0.9,1.0,27,0.9969730698650705,0.48148148148148145,P6_fixed,1,split,isotonic
0,0.0,0.1,36300,0.08438186398957219,0.08013774104683195,P6_clean,1,shared,none
1,0.1,0.2,139810,0.1499202920519324,0.14996066089693155,P6_clean,1,shared,none
2,0.2,0.3,64724,0.23873767232204882,0.2514368704035597,P6_clean,1,shared,none
3,0.3,0.4,12104,0.3353987654823645,0.33303040317250493,P6_clean,1,shared,none
4,0.4,0.5,1825,0.4335684341530587,0.39287671232876714,P6_clean,1,shared,none
5,0.5,0.6,211,0.5348366323289019,0.4218009478672986,P6_clean,1,shared,none
6,0.6,0.7,23,0.6258131989074024,0.5217391304347826,P6_clean,1,shared,none
7,0.7,0.8,4,0.7262587548749263,0.5,P6_clean,1,shared,none
8,0.8,0.9,0,,,P6_clean,1,shared,none
9,0.9,1.0,0,,,P6_clean,1,shared,none
0,0.0,0.1,37803,0.08337129209399495,0.0807872391080073,P6_clean,1,shared,platt
1,0.1,0.2,135176,0.1499211763419357,0.14930165118068295,P6_clean,1,shared,platt
2,0.2,0.3,65569,0.23966701538485688,0.24712897863319558,P6_clean,1,shared,platt
3,0.3,0.4,13800,0.33635877786503193,0.32753623188405795,P6_clean,1,shared,platt
4,0.4,0.5,2299,0.4354171291837242,0.3823401478903871,P6_clean,1,shared,platt
5,0.5,0.6,305,0.5327553133242391,0.45901639344262296,P6_clean,1,shared,platt
6,0.6,0.7,43,0.625558842437721,0.4186046511627907,P6_clean,1,shared,platt
7,0.7,0.8,6,0.7383899325853466,0.5,P6_clean,1,shared,platt
8,0.8,0.9,0,,,P6_clean,1,shared,platt
9,0.9,1.0,0,,,P6_clean,1,shared,platt
0,0.0,0.1,37447,0.08076593091830313,0.08139503832082677,P6_clean,1,shared,isotonic
1,0.1,0.2,129587,0.1450477536544197,0.1469437520738963,P6_clean,1,shared,isotonic
2,0.2,0.3,66919,0.2389205523305836,0.23813864522781272,P6_clean,1,shared,isotonic
3,0.3,0.4,20153,0.333548094699283,0.32754428621048975,P6_clean,1,shared,isotonic
4,0.4,0.5,714,0.44729948466074115,0.4103641456582633,P6_clean,1,shared,isotonic
5,0.5,0.6,78,0.5253381153968351,0.4358974358974359,P6_clean,1,shared,isotonic
6,0.6,0.7,72,0.6201893648174956,0.4166666666666667,P6_clean,1,shared,isotonic
7,0.7,0.8,9,0.7509638294566728,0.4444444444444444,P6_clean,1,shared,isotonic
8,0.8,0.9,0,,,P6_clean,1,shared,isotonic
9,0.9,1.0,22,1.0,0.5454545454545454,P6_clean,1,shared,isotonic
0,0.0,0.1,38307,0.08262455189517819,0.08189103819145326,P6_clean,1,split,none
1,0.1,0.2,137555,0.14968460850419496,0.15047799062193304,P6_clean,1,split,none
2,0.2,0.3,64118,0.23909128882405511,0.25024174178857733,P6_clean,1,split,none
3,0.3,0.4,12695,0.3358968755473886,0.331075226467113,P6_clean,1,split,none
4,0.4,0.5,2038,0.43453983044789096,0.38665358194308147,P6_clean,1,split,none
5,0.5,0.6,254,0.5340270085791977,0.4409448818897638,P6_clean,1,split,none
6,0.6,0.7,30,0.6359665139444657,0.4666666666666667,P6_clean,1,split,none
7,0.7,0.8,4,0.7262587548749263,0.5,P6_clean,1,split,none
8,0.8,0.9,0,,,P6_clean,1,split,none
9,0.9,1.0,0,,,P6_clean,1,split,none
0,0.0,0.1,37056,0.08295892209799643,0.08101252158894647,P6_clean,1,split,platt
1,0.1,0.2,135857,0.15004354223106212,0.1488992101989592,P6_clean,1,split,platt
2,0.2,0.3,65902,0.23946568810650506,0.24753421747443174,P6_clean,1,split,platt
3,0.3,0.4,13630,0.33602450462021327,0.3268525311812179,P6_clean,1,split,platt
4,0.4,0.5,2215,0.4348877478247417,0.3805869074492099,P6_clean,1,split,platt
5,0.5,0.6,293,0.5314946942805268,0.46757679180887374,P6_clean,1,split,platt
6,0.6,0.7,43,0.6284891081612488,0.4186046511627907,P6_clean,1,split,platt
7,0.7,0.8,5,0.7402670650352652,0.6,P6_clean,1,split,platt
8,0.8,0.9,0,,,P6_clean,1,split,platt
9,0.9,1.0,0,,,P6_clean,1,split,platt
0,0.0,0.1,35267,0.07881659019633298,0.08027334335214223,P6_clean,1,split,isotonic
1,0.1,0.2,141066,0.1480542347735315,0.15016375313682956,P6_clean,1,split,isotonic
2,0.2,0.3,56806,0.24318112614369267,0.2428088582192022,P6_clean,1,split,isotonic
3,0.3,0.4,20322,0.33228460157583567,0.32541088475543745,P6_clean,1,split,isotonic
4,0.4,0.5,1292,0.4322509305199396,0.35835913312693496,P6_clean,1,split,isotonic
5,0.5,0.6,119,0.5542421667111386,0.44537815126050423,P6_clean,1,split,isotonic
6,0.6,0.7,68,0.6159833267522538,0.5,P6_clean,1,split,isotonic
7,0.7,0.8,7,0.7531573537879043,0.42857142857142855,P6_clean,1,split,isotonic
8,0.8,0.9,18,0.8726829785514421,0.4444444444444444,P6_clean,1,split,isotonic
9,0.9,1.0,36,0.9750798651211556,0.5277777777777778,P6_clean,1,split,isotonic
0,0.0,0.1,33644,0.08498391939237689,0.07802282725002972,P6_fixed,7,shared,none
1,0.1,0.2,142103,0.14932444952565252,0.14851199482065824,P6_fixed,7,shared,none
2,0.2,0.3,65405,0.23853073657831514,0.25030196468159926,P6_fixed,7,shared,none
3,0.3,0.4,12015,0.33494831055873625,0.3451518934665002,P6_fixed,7,shared,none
4,0.4,0.5,1596,0.4338851467610888,0.4016290726817043,P6_fixed,7,shared,none
5,0.5,0.6,213,0.5366955672206314,0.47417840375586856,P6_fixed,7,shared,none
6,0.6,0.7,25,0.6336329206153342,0.44,P6_fixed,7,shared,none
7,0.7,0.8,0,,,P6_fixed,7,shared,none
8,0.8,0.9,0,,,P6_fixed,7,shared,none
9,0.9,1.0,0,,,P6_fixed,7,shared,none
0,0.0,0.1,37253,0.08345942525170871,0.08044989665261858,P6_fixed,7,shared,platt
1,0.1,0.2,135150,0.14925882623669304,0.1483388827229005,P6_fixed,7,shared,platt
2,0.2,0.3,65638,0.23975656760041308,0.24513239282123161,P6_fixed,7,shared,platt
3,0.3,0.4,14271,0.33622168198071967,0.33655665335295354,P6_fixed,7,shared,platt
4,0.4,0.5,2285,0.43457796624109724,0.3886214442013129,P6_fixed,7,shared,platt
5,0.5,0.6,342,0.5360367468141961,0.4239766081871345,P6_fixed,7,shared,platt
6,0.6,0.7,59,0.6335106554942275,0.4915254237288136,P6_fixed,7,shared,platt
7,0.7,0.8,3,0.7034418704747386,0.0,P6_fixed,7,shared,platt
8,0.8,0.9,0,,,P6_fixed,7,shared,platt
9,0.9,1.0,0,,,P6_fixed,7,shared,platt
0,0.0,0.1,33184,0.0752823366476825,0.0783208775313404,P6_fixed,7,shared,isotonic
1,0.1,0.2,136882,0.14652340759912444,0.1460966379801581,P6_fixed,7,shared,isotonic
2,0.2,0.3,65932,0.24184274970953404,0.2415064005338834,P6_fixed,7,shared,isotonic
3,0.3,0.4,17499,0.334771339104077,0.33516200925767187,P6_fixed,7,shared,isotonic
4,0.4,0.5,1310,0.4316276477182606,0.40076335877862596,P6_fixed,7,shared,isotonic
5,0.5,0.6,145,0.5332636518304087,0.42758620689655175,P6_fixed,7,shared,isotonic
6,0.6,0.7,4,0.6394292880764293,0.5,P6_fixed,7,shared,isotonic
7,0.7,0.8,34,0.7390842944064246,0.5588235294117647,P6_fixed,7,shared,isotonic
8,0.8,0.9,8,0.8181818181818182,0.625,P6_fixed,7,shared,isotonic
9,0.9,1.0,3,0.9932469976893624,0.6666666666666666,P6_fixed,7,shared,isotonic
0,0.0,0.1,33644,0.08498391939237689,0.07802282725002972,P6_fixed,7,split,none
1,0.1,0.2,142103,0.14932444952565252,0.14851199482065824,P6_fixed,7,split,none
2,0.2,0.3,65405,0.23853073657831514,0.25030196468159926,P6_fixed,7,split,none
3,0.3,0.4,12015,0.33494831055873625,0.3451518934665002,P6_fixed,7,split,none
4,0.4,0.5,1596,0.4338851467610888,0.4016290726817043,P6_fixed,7,split,none
5,0.5,0.6,213,0.5366955672206314,0.47417840375586856,P6_fixed,7,split,none
6,0.6,0.7,25,0.6336329206153342,0.44,P6_fixed,7,split,none
7,0.7,0.8,0,,,P6_fixed,7,split,none
8,0.8,0.9,0,,,P6_fixed,7,split,none
9,0.9,1.0,0,,,P6_fixed,7,split,none
0,0.0,0.1,37051,0.08344695710117715,0.07988988151466897,P6_fixed,7,split,platt
1,0.1,0.2,134984,0.14925757721982352,0.14832128252237303,P6_fixed,7,split,platt
2,0.2,0.3,65807,0.23975910230580244,0.24450286443691402,P6_fixed,7,split,platt
3,0.3,0.4,14391,0.3360176941253482,0.33618233618233617,P6_fixed,7,split,platt
4,0.4,0.5,2351,0.43408034981433474,0.3874946831135687,P6_fixed,7,split,platt
5,0.5,0.6,354,0.5356638502519884,0.4265536723163842,P6_fixed,7,split,platt
6,0.6,0.7,62,0.6349946576322616,0.46774193548387094,P6_fixed,7,split,platt
7,0.7,0.8,1,0.7043689431647384,0.0,P6_fixed,7,split,platt
8,0.8,0.9,0,,,P6_fixed,7,split,platt
9,0.9,1.0,0,,,P6_fixed,7,split,platt
0,0.0,0.1,37983,0.07644480408397285,0.08140483900692415,P6_fixed,7,split,isotonic
1,0.1,0.2,131221,0.14878120932218727,0.14739256673855555,P6_fixed,7,split,isotonic
2,0.2,0.3,65136,0.2394740956598522,0.23940677966101695,P6_fixed,7,split,isotonic
3,0.3,0.4,19031,0.3315551336038386,0.3313015606116336,P6_fixed,7,split,isotonic
4,0.4,0.5,1460,0.4541587686348129,0.40273972602739727,P6_fixed,7,split,isotonic
5,0.5,0.6,79,0.5436959103946291,0.3924050632911392,P6_fixed,7,split,isotonic
6,0.6,0.7,61,0.6161819209144312,0.5409836065573771,P6_fixed,7,split,isotonic
7,0.7,0.8,2,0.7221980049314358,0.5,P6_fixed,7,split,isotonic
8,0.8,0.9,18,0.800428681585371,0.5,P6_fixed,7,split,isotonic
9,0.9,1.0,10,0.9972987990757449,0.6,P6_fixed,7,split,isotonic
0,0.0,0.1,38456,0.08201223264325411,0.08123569794050343,P6_clean,7,shared,none
1,0.1,0.2,136646,0.14889229070497068,0.15010318633549463,P6_clean,7,shared,none
2,0.2,0.3,64561,0.23935333187258515,0.24898932792242995,P6_clean,7,shared,none
3,0.3,0.4,13020,0.3356705633954954,0.337173579109063,P6_clean,7,shared,none
4,0.4,0.5,1943,0.43471855640910323,0.3767370046320124,P6_clean,7,shared,none
5,0.5,0.6,322,0.5379010434225557,0.42857142857142855,P6_clean,7,shared,none
6,0.6,0.7,48,0.6317248701076089,0.5833333333333334,P6_clean,7,shared,none
7,0.7,0.8,5,0.746144114020164,0.4,P6_clean,7,shared,none
8,0.8,0.9,0,,,P6_clean,7,shared,none
9,0.9,1.0,0,,,P6_clean,7,shared,none
0,0.0,0.1,35764,0.08258634754253226,0.0806677105469187,P6_clean,7,shared,platt
1,0.1,0.2,136287,0.14933218737458678,0.1476369719782518,P6_clean,7,shared,platt
2,0.2,0.3,66739,0.23976130935255582,0.24597311916570522,P6_clean,7,shared,platt
3,0.3,0.4,13786,0.3359231369356216,0.3357028869867982,P6_clean,7,shared,platt
4,0.4,0.5,2041,0.4351506122285775,0.3821656050955414,P6_clean,7,shared,platt
5,0.5,0.6,326,0.5371443679955716,0.4171779141104294,P6_clean,7,shared,platt
6,0.6,0.7,53,0.6287338371032638,0.6037735849056604,P6_clean,7,shared,platt
7,0.7,0.8,5,0.7391779703285168,0.4,P6_clean,7,shared,platt
8,0.8,0.9,0,,,P6_clean,7,shared,platt
9,0.9,1.0,0,,,P6_clean,7,shared,platt
0,0.0,0.1,32632,0.07530553019182899,0.078818337827899,P6_clean,7,shared,isotonic
1,0.1,0.2,135923,0.14626305976232848,0.14572956747570315,P6_clean,7,shared,isotonic
2,0.2,0.3,70205,0.24309907454627794,0.24239014315219715,P6_clean,7,shared,isotonic
3,0.3,0.4,14363,0.3341914379545147,0.3403188748868621,P6_clean,7,shared,isotonic
4,0.4,0.5,1593,0.416374323453223,0.3691148775894539,P6_clean,7,shared,isotonic
5,0.5,0.6,245,0.5568740121612075,0.40816326530612246,P6_clean,7,shared,isotonic
6,0.6,0.7,26,0.633223792881012,0.5769230769230769,P6_clean,7,shared,isotonic
7,0.7,0.8,12,0.7629785018018267,0.8333333333333334,P6_clean,7,shared,isotonic
8,0.8,0.9,1,0.8007321205756507,1.0,P6_clean,7,shared,isotonic
9,0.9,1.0,1,1.0,1.0,P6_clean,7,shared,isotonic
0,0.0,0.1,37184,0.08277682034691863,0.08057228915662651,P6_clean,7,split,none
1,0.1,0.2,138012,0.14897515792944435,0.14966089905225632,P6_clean,7,split,none
2,0.2,0.3,64965,0.23914897030271626,0.24954975756176404,P6_clean,7,split,none
3,0.3,0.4,12635,0.33531521043167745,0.33842500989315394,P6_clean,7,split,none
4,0.4,0.5,1860,0.43473341698589096,0.37688172043010754,P6_clean,7,split,none
5,0.5,0.6,299,0.5369779715271119,0.451505016722408,P6_clean,7,split,none
6,0.6,0.7,43,0.6311642704166495,0.5348837209302325,P6_clean,7,split,none
7,0.7,0.8,3,0.7510590842094086,0.6666666666666666,P6_clean,7,split,none
8,0.8,0.9,0,,,P6_clean,7,split,none
9,0.9,1.0,0,,,P6_clean,7,split,none
0,0.0,0.1,35583,0.08299999416098715,0.08082511311581374,P6_clean,7,split,platt
1,0.1,0.2,136188,0.14931227479344295,0.14745058301759334,P6_clean,7,split,platt
2,0.2,0.3,66897,0.23976377889434788,0.24533237663871324,P6_clean,7,split,platt
3,0.3,0.4,13863,0.3359192421332208,0.3360023083026762,P6_clean,7,split,platt
4,0.4,0.5,2075,0.4349491383846086,0.3893975903614458,P6_clean,7,split,platt
5,0.5,0.6,339,0.536411000418117,0.39823008849557523,P6_clean,7,split,platt
6,0.6,0.7,51,0.6294444133794358,0.5490196078431373,P6_clean,7,split,platt
7,0.7,0.8,5,0.7340217674029403,0.4,P6_clean,7,split,platt
8,0.8,0.9,0,,,P6_clean,7,split,platt
9,0.9,1.0,0,,,P6_clean,7,split,platt
0,0.0,0.1,42752,0.07878083366766765,0.0843001497005988,P6_clean,7,split,isotonic
1,0.1,0.2,126361,0.15154518037420264,0.14965060422123916,P6_clean,7,split,isotonic
2,0.2,0.3,70033,0.24341517807059979,0.2430711236131538,P6_clean,7,split,isotonic
3,0.3,0.4,15050,0.3409384692573183,0.340265780730897,P6_clean,7,split,isotonic
4,0.4,0.5,560,0.46584576830247926,0.4125,P6_clean,7,split,isotonic
5,0.5,0.6,85,0.5300655074448022,0.4235294117647059,P6_clean,7,split,isotonic
6,0.6,0.7,148,0.6200690244450368,0.4527027027027027,P6_clean,7,split,isotonic
7,0.7,0.8,11,0.7509889586082529,0.6363636363636364,P6_clean,7,split,isotonic
8,0.8,0.9,0,,,P6_clean,7,split,isotonic
9,0.9,1.0,1,1.0,1.0,P6_clean,7,split,isotonic
