ID,row_position,attributed_year,attributed_date,season,region,origin_timezone,region_timezone_bucket,origin_size_tier,stratum_label,Origin_Airport,Destination_Airport,Estimated_Departure_Time,origin_tier,dest_tier,row_tier,collectible,not_collectible_reason,prediction_at
TRAIN_001367,1367,2018,2018-11-14,fall,Northeast,America/New_York,Northeast:New_York,medium,2018|fall|Northeast:New_York|medium,ELM,DTW,600.0,confirmed_period,confirmed_period,confirmed_period,True,,2018-11-14 10:00:00+00:00
TRAIN_002825,2825,2019,2019-01-23,winter,West,America/Denver,West:Denver,medium,2019|winter|West:Denver|medium,JAC,SLC,700.0,confirmed_period,confirmed_period,confirmed_period,True,,2019-01-23 13:00:00+00:00
TRAIN_006581,6581,2018,2018-07-19,summer,Midwest,America/Detroit,Midwest:Detroit,medium,2018|summer|Midwest:Detroit|medium,MBS,ORD,1656.0,confirmed_period,confirmed_period,confirmed_period,True,,2018-07-19 19:56:00+00:00
TRAIN_007527,7527,2019,2019-10-02,fall,Alaska,America/Nome,Alaska,small,2019|fall|Alaska|small,OME,ANC,1245.0,confirmed_period,confirmed_period,confirmed_period,True,,2019-10-02 19:45:00+00:00
TRAIN_007625,7625,2018,2018-11-23,fall,South,America/Denver,South:Denver,large,2018|fall|South:Denver|large,ELP,IAH,600.0,confirmed_period,confirmed_period,confirmed_period,True,,2018-11-23 12:00:00+00:00
TRAIN_009232,9232,2018,2018-06-27,summer,Midwest,America/New_York,Midwest:New_York,medium,2018|summer|Midwest:New_York|medium,LCK,SFB,1600.0,confirmed_period,confirmed_period,confirmed_period,True,,2018-06-27 19:00:00+00:00
TRAIN_009363,9363,2018,2018-11-29,fall,Northeast,America/New_York,Northeast:New_York,large,2018|fall|Northeast:New_York|large,PHL,SYR,1151.0,confirmed_period,confirmed_period,confirmed_period,True,,2018-11-29 15:51:00+00:00
TRAIN_009892,9892,2018,2018-12-02,winter,Northeast,America/New_York,Northeast:New_York,small,2018|winter|Northeast:New_York|small,BGM,DTW,1233.0,confirmed_period,confirmed_period,confirmed_period,True,,2018-12-02 16:33:00+00:00
TRAIN_013744,13744,2019,2019-02-12,winter,Midwest,America/Indiana/Indianapolis,Midwest:Indianapolis,medium,2019|winter|Midwest:Indianapolis|medium,SBN,ORD,1640.0,confirmed_period,confirmed_period,confirmed_period,True,,2019-02-12 20:40:00+00:00
TRAIN_017375,17375,2019,2019-07-22,summer,Hawaii,Pacific/Honolulu,Hawaii,medium,2019|summer|Hawaii|medium,ITO,LAX,2130.0,confirmed_period,confirmed_period,confirmed_period,True,,2019-07-23 06:30:00+00:00
TRAIN_018048,18048,2018,2018-05-23,spring,Non-contiguous territory,America/Puerto_Rico,Non-contiguous territory,large,2018|spring|Non-contiguous territory|large,SJU,BWI,1015.0,confirmed_period,confirmed_period,confirmed_period,True,,2018-05-23 13:15:00+00:00
TRAIN_018114,18114,2019,2019-08-25,summer,South,America/Denver,South:Denver,large,2019|summer|South:Denver|large,ELP,DAL,1520.0,confirmed_period,confirmed_period,confirmed_period,True,,2019-08-25 20:20:00+00:00
TRAIN_025436,25436,2018,2018-06-28,summer,Midwest,America/Detroit,Midwest:Detroit,large,2018|summer|Midwest:Detroit|large,GRR,EWR,1115.0,confirmed_period,confirmed_period,confirmed_period,True,,2018-06-28 14:15:00+00:00
TRAIN_037272,37272,2019,2019-09-02,fall,Non-contiguous territory,Pacific/Saipan,Non-contiguous territory,small,2019|fall|Non-contiguous territory|small,SPN,GUM,915.0,unconfirmed,confirmed_period,unconfirmed,False,"origin=unconfirmed,destination=confirmed_period",2019-09-01 22:15:00+00:00
TRAIN_038597,38597,2018,2018-04-13,spring,Midwest,America/Indiana/Indianapolis,Midwest:Indianapolis,medium,2018|spring|Midwest:Indianapolis|medium,SBN,ORD,1835.0,confirmed_period,confirmed_period,confirmed_period,True,,2018-04-13 21:35:00+00:00
TRAIN_040131,40131,2018,2018-05-10,spring,South,America/Chicago,South:Chicago,large,2018|spring|South:Chicago|large,IAH,ORD,2152.0,confirmed_period,confirmed_period,confirmed_period,True,,2018-05-11 01:52:00+00:00
TRAIN_049225,49225,2018,2018-12-17,winter,Midwest,America/Chicago,Midwest:Chicago,small,2018|winter|Midwest:Chicago|small,BRD,MSP,1555.0,confirmed_period,confirmed_period,confirmed_period,True,,2018-12-17 20:55:00+00:00
TRAIN_055329,55329,2018,2018-03-10,spring,Midwest,America/Chicago,Midwest:Chicago,medium,2018|spring|Midwest:Chicago|medium,BIS,DEN,1320.0,confirmed_period,confirmed_period,confirmed_period,True,,2018-03-10 18:20:00+00:00
TRAIN_056070,56070,2019,2019-06-02,summer,Midwest,America/Denver,Midwest:Denver,small,2019|summer|Midwest:Denver|small,BFF,DEN,600.0,confirmed_period,confirmed_period,confirmed_period,True,,2019-06-02 11:00:00+00:00
TRAIN_060289,60289,2018,2018-01-16,winter,Non-contiguous territory,America/Puerto_Rico,Non-contiguous territory,medium,2018|winter|Non-contiguous territory|medium,BQN,MCO,238.0,confirmed_period,confirmed_period,confirmed_period,True,,2018-01-16 05:38:00+00:00
TRAIN_060396,60396,2018,2018-11-15,fall,South,America/Chicago,South:Chicago,large,2018|fall|South:Chicago|large,LBB,AUS,1415.0,confirmed_period,confirmed_period,confirmed_period,True,,2018-11-15 19:15:00+00:00
TRAIN_064793,64793,2018,2018-04-26,spring,Midwest,America/Chicago,Midwest:Chicago,small,2018|spring|Midwest:Chicago|small,EAU,ORD,1330.0,confirmed_period,confirmed_period,confirmed_period,True,,2018-04-26 17:30:00+00:00
TRAIN_066946,66946,2018,2018-05-30,spring,West,America/Phoenix,West:Phoenix,large,2018|spring|West:Phoenix|large,PHX,AUS,1340.0,confirmed_period,confirmed_period,confirmed_period,True,,2018-05-30 19:40:00+00:00
TRAIN_069604,69604,2019,2019-01-03,winter,Hawaii,Pacific/Honolulu,Hawaii,large,2019|winter|Hawaii|large,HNL,LNY,1520.0,confirmed_period,confirmed_period,confirmed_period,True,,2019-01-04 00:20:00+00:00
TRAIN_069722,69722,2018,2018-03-10,spring,Hawaii,Pacific/Honolulu,Hawaii,large,2018|spring|Hawaii|large,HNL,LAX,33.0,confirmed_period,confirmed_period,confirmed_period,True,,2018-03-10 09:33:00+00:00
TRAIN_069931,69931,2018,2018-03-24,spring,West,America/Los_Angeles,West:Los_Angeles,medium,2018|spring|West:Los_Angeles|medium,BLI,KOA,822.0,confirmed_period,confirmed_period,confirmed_period,True,,2018-03-24 14:22:00+00:00
TRAIN_077483,77483,2018,2018-08-24,summer,West,America/Phoenix,West:Phoenix,large,2018|summer|West:Phoenix|large,PHX,SAN,705.0,confirmed_period,confirmed_period,confirmed_period,True,,2018-08-24 13:05:00+00:00
TRAIN_082679,82679,2018,2018-06-08,summer,Midwest,America/Indiana/Indianapolis,Midwest:Indianapolis,medium,2018|summer|Midwest:Indianapolis|medium,SBN,EWR,610.0,confirmed_period,confirmed_period,confirmed_period,True,,2018-06-08 09:10:00+00:00
TRAIN_085463,85463,2019,2019-05-15,spring,West,America/Phoenix,West:Phoenix,large,2019|spring|West:Phoenix|large,PHX,SEA,1025.0,confirmed_period,confirmed_period,confirmed_period,True,,2019-05-15 16:25:00+00:00
TRAIN_087426,87426,2019,2019-02-01,winter,Alaska,America/Anchorage,Alaska,small,2019|winter|Alaska|small,BRW,ANC,1910.0,confirmed_period,confirmed_period,confirmed_period,True,,2019-02-02 03:10:00+00:00
TRAIN_097305,97305,2018,2018-06-29,summer,Non-contiguous territory,America/Puerto_Rico,Non-contiguous territory,large,2018|summer|Non-contiguous territory|large,SJU,FLL,2134.0,confirmed_period,confirmed_period,confirmed_period,True,,2018-06-30 00:34:00+00:00
TRAIN_099980,99980,2019,2019-07-11,summer,Midwest,America/Chicago,Midwest:Chicago,small,2019|summer|Midwest:Chicago|small,ABR,MSP,1320.0,confirmed_period,confirmed_period,confirmed_period,True,,2019-07-11 17:20:00+00:00
TRAIN_107030,107030,2018,2018-07-03,summer,Alaska,America/Anchorage,Alaska,large,2018|summer|Alaska|large,ANC,PDX,45.0,confirmed_period,confirmed_period,confirmed_period,True,,2018-07-03 07:45:00+00:00
TRAIN_115098,115098,2019,2019-05-03,spring,South,America/Chicago,South:Chicago,medium,2019|spring|South:Chicago|medium,LFT,DFW,616.0,confirmed_period,confirmed_period,confirmed_period,True,,2019-05-03 10:16:00+00:00
TRAIN_117847,117847,2019,2019-10-01,fall,Midwest,America/Chicago,Midwest:Chicago,small,2019|fall|Midwest:Chicago|small,JMS,DEN,614.0,confirmed_period,confirmed_period,confirmed_period,True,,2019-10-01 10:14:00+00:00
TRAIN_118856,118856,2019,2019-05-02,spring,Midwest,America/Detroit,Midwest:Detroit,large,2019|spring|Midwest:Detroit|large,DTW,MDT,955.0,confirmed_period,confirmed_period,confirmed_period,True,,2019-05-02 12:55:00+00:00
TRAIN_121243,121243,2019,2019-08-10,summer,Midwest,America/Detroit,Midwest:Detroit,large,2019|summer|Midwest:Detroit|large,DTW,ATL,959.0,confirmed_period,confirmed_period,confirmed_period,True,,2019-08-10 12:59:00+00:00
TRAIN_122584,122584,2019,2019-08-10,summer,Northeast,America/New_York,Northeast:New_York,medium,2019|summer|Northeast:New_York|medium,SWF,DTW,1115.0,confirmed_period,confirmed_period,confirmed_period,True,,2019-08-10 14:15:00+00:00
TRAIN_123422,123422,2019,2019-01-03,winter,West,America/Los_Angeles,West:Los_Angeles,large,2019|winter|West:Los_Angeles|large,LAX,ORD,1351.0,confirmed_period,confirmed_period,confirmed_period,True,,2019-01-03 20:51:00+00:00
TRAIN_123519,123519,2019,2019-12-24,winter,Alaska,America/Anchorage,Alaska,medium,2019|winter|Alaska|medium,FAI,SEA,50.0,confirmed_period,confirmed_period,confirmed_period,True,,2019-12-24 08:50:00+00:00
TRAIN_128238,128238,2019,2019-04-27,spring,South,America/Chicago,South:Chicago,large,2019|spring|South:Chicago|large,BHM,MCO,700.0,confirmed_period,confirmed_period,confirmed_period,True,,2019-04-27 11:00:00+00:00
TRAIN_129041,129041,2018,2018-02-26,winter,Non-contiguous territory,America/Puerto_Rico,Non-contiguous territory,large,2018|winter|Non-contiguous territory|large,SJU,ORD,1517.0,confirmed_period,confirmed_period,confirmed_period,True,,2018-02-26 18:17:00+00:00
TRAIN_132701,132701,2018,2018-05-08,spring,Midwest,America/Denver,Midwest:Denver,small,2018|spring|Midwest:Denver|small,DIK,DEN,1455.0,confirmed_period,confirmed_period,confirmed_period,True,,2018-05-08 19:55:00+00:00
TRAIN_134621,134621,2019,2019-03-07,spring,Midwest,America/Denver,Midwest:Denver,small,2019|spring|Midwest:Denver|small,BFF,DEN,1455.0,confirmed_period,confirmed_period,confirmed_period,True,,2019-03-07 20:55:00+00:00
TRAIN_136503,136503,2019,2019-11-06,fall,Midwest,America/New_York,Midwest:New_York,large,2019|fall|Midwest:New_York|large,DAY,ORD,1918.0,confirmed_period,confirmed_period,confirmed_period,True,,2019-11-06 23:18:00+00:00
TRAIN_139996,139996,2018,2018-12-14,winter,Midwest,America/Chicago,Midwest:Chicago,medium,2018|winter|Midwest:Chicago|medium,LNK,DEN,600.0,confirmed_period,confirmed_period,confirmed_period,True,,2018-12-14 11:00:00+00:00
TRAIN_140909,140909,2018,2018-03-27,spring,Alaska,America/Anchorage,Alaska,medium,2018|spring|Alaska|medium,FAI,ANC,2145.0,confirmed_period,confirmed_period,confirmed_period,True,,2018-03-28 04:45:00+00:00
TRAIN_143500,143500,2018,2018-05-28,spring,Midwest,America/New_York,Midwest:New_York,medium,2018|spring|Midwest:New_York|medium,CAK,ORD,625.0,confirmed_period,confirmed_period,confirmed_period,True,,2018-05-28 09:25:00+00:00
TRAIN_143726,143726,2019,2019-05-14,spring,Midwest,America/Chicago,Midwest:Chicago,small,2019|spring|Midwest:Chicago|small,BJI,MSP,1251.0,confirmed_period,confirmed_period,confirmed_period,True,,2019-05-14 16:51:00+00:00
TRAIN_154952,154952,2019,2019-06-18,summer,West,America/Los_Angeles,West:Los_Angeles,large,2019|summer|West:Los_Angeles|large,SEA,LAS,1700.0,confirmed_period,confirmed_period,confirmed_period,True,,2019-06-18 23:00:00+00:00
TRAIN_158332,158332,2018,2018-01-21,winter,West,America/Los_Angeles,West:Los_Angeles,medium,2018|winter|West:Los_Angeles|medium,MRY,LAX,1725.0,confirmed_period,confirmed_period,confirmed_period,True,,2018-01-22 00:25:00+00:00
TRAIN_158971,158971,2018,2018-11-28,fall,Midwest,America/New_York,Midwest:New_York,medium,2018|fall|Midwest:New_York|medium,CAK,CLT,719.0,confirmed_period,confirmed_period,confirmed_period,True,,2018-11-28 11:19:00+00:00
TRAIN_160713,160713,2019,2019-12-08,winter,Midwest,America/Chicago,Midwest:Chicago,small,2019|winter|Midwest:Chicago|small,ALO,ORD,626.0,confirmed_period,confirmed_period,confirmed_period,True,,2019-12-08 11:26:00+00:00
TRAIN_170620,170620,2019,2019-11-19,fall,Midwest,America/Chicago,Midwest:Chicago,medium,2019|fall|Midwest:Chicago|medium,RST,ATL,600.0,confirmed_period,confirmed_period,confirmed_period,True,,2019-11-19 11:00:00+00:00
TRAIN_182037,182037,2018,2018-09-24,fall,West,America/Phoenix,West:Phoenix,medium,2018|fall|West:Phoenix|medium,YUM,PHX,1649.0,confirmed_current_only,confirmed_period,confirmed_current_only,False,"origin=confirmed_current_only,destination=confirmed_period",2018-09-24 22:49:00+00:00
TRAIN_186187,186187,2019,2019-05-28,spring,Alaska,America/Anchorage,Alaska,large,2019|spring|Alaska|large,ANC,HNL,1620.0,confirmed_period,confirmed_period,confirmed_period,True,,2019-05-28 23:20:00+00:00
TRAIN_186338,186338,2018,2018-07-19,summer,South,America/New_York,South:New_York,large,2018|summer|South:New_York|large,MCO,BDL,2225.0,confirmed_period,confirmed_period,confirmed_period,True,,2018-07-20 01:25:00+00:00
TRAIN_191514,191514,2019,2019-05-17,spring,Alaska,America/Anchorage,Alaska,small,2019|spring|Alaska|small,BRW,ANC,1910.0,confirmed_period,confirmed_period,confirmed_period,True,,2019-05-18 02:10:00+00:00
TRAIN_191609,191609,2019,2019-12-13,winter,West,America/Boise,West:Boise,medium,2019|winter|West:Boise|medium,TWF,SLC,1229.0,confirmed_period,confirmed_period,confirmed_period,True,,2019-12-13 18:29:00+00:00
TRAIN_194910,194910,2018,2018-11-01,fall,Alaska,America/Anchorage,Alaska,small,2018|fall|Alaska|small,BRW,FAI,1150.0,confirmed_period,confirmed_period,confirmed_period,True,,2018-11-01 18:50:00+00:00
TRAIN_198834,198834,2018,2018-12-02,winter,Midwest,America/Detroit,Midwest:Detroit,medium,2018|winter|Midwest:Detroit|medium,FNT,ORD,1909.0,confirmed_period,confirmed_period,confirmed_period,True,,2018-12-02 23:09:00+00:00
TRAIN_200799,200799,2019,2019-03-01,spring,Hawaii,Pacific/Honolulu,Hawaii,large,2019|spring|Hawaii|large,HNL,LIH,1410.0,confirmed_period,confirmed_period,confirmed_period,True,,2019-03-01 23:10:00+00:00
TRAIN_205696,205696,2019,2019-04-18,spring,Northeast,America/New_York,Northeast:New_York,small,2019|spring|Northeast:New_York|small,PQI,EWR,1145.0,confirmed_period,confirmed_period,confirmed_period,True,,2019-04-18 14:45:00+00:00
TRAIN_213904,213904,2018,2018-12-04,winter,South,America/Kentucky/Louisville,South:Louisville,large,2018|winter|South:Louisville|large,SDF,DCA,600.0,tz_conflict_needs_resolution,confirmed_period,tz_conflict_needs_resolution,False,"origin=tz_conflict_needs_resolution,destination=confirmed_period",2018-12-04 10:00:00+00:00
TRAIN_216024,216024,2018,2018-02-09,winter,West,America/Los_Angeles,West:Los_Angeles,large,2018|winter|West:Los_Angeles|large,LAX,SFO,630.0,confirmed_period,confirmed_period,confirmed_period,True,,2018-02-09 13:30:00+00:00
TRAIN_217079,217079,2019,2019-03-10,spring,Midwest,America/Denver,Midwest:Denver,medium,2019|spring|Midwest:Denver|medium,RAP,MSP,1033.0,confirmed_period,confirmed_period,confirmed_period,True,,2019-03-10 15:33:00+00:00
TRAIN_223743,223743,2018,2018-10-09,fall,West,America/Boise,West:Boise,medium,2018|fall|West:Boise|medium,IDA,SLC,1247.0,confirmed_period,confirmed_period,confirmed_period,True,,2018-10-09 17:47:00+00:00
TRAIN_224490,224490,2019,2019-09-08,fall,South,America/Denver,South:Denver,large,2019|fall|South:Denver|large,ELP,DAL,2025.0,confirmed_period,confirmed_period,confirmed_period,True,,2019-09-09 01:25:00+00:00
TRAIN_226120,226120,2019,2019-01-17,winter,West,America/Denver,West:Denver,large,2019|winter|West:Denver|large,SLC,LAS,2210.0,confirmed_period,confirmed_period,confirmed_period,True,,2019-01-18 04:10:00+00:00
TRAIN_229049,229049,2018,2018-11-07,fall,Non-contiguous territory,America/Puerto_Rico,Non-contiguous territory,large,2018|fall|Non-contiguous territory|large,SJU,JFK,1400.0,confirmed_period,confirmed_period,confirmed_period,True,,2018-11-07 17:00:00+00:00
TRAIN_235142,235142,2019,2019-03-17,spring,West,America/Los_Angeles,West:Los_Angeles,medium,2019|spring|West:Los_Angeles|medium,SBP,SFO,810.0,confirmed_period,confirmed_period,confirmed_period,True,,2019-03-17 14:10:00+00:00
TRAIN_236433,236433,2019,2019-08-27,summer,Midwest,America/New_York,Midwest:New_York,medium,2019|summer|Midwest:New_York|medium,TOL,ORD,1053.0,confirmed_period,confirmed_period,confirmed_period,True,,2019-08-27 13:53:00+00:00
TRAIN_243283,243283,2019,2019-03-14,spring,West,America/Los_Angeles,West:Los_Angeles,large,2019|spring|West:Los_Angeles|large,SEA,SUN,1520.0,confirmed_period,confirmed_period,confirmed_period,True,,2019-03-14 21:20:00+00:00
TRAIN_248832,248832,2019,2019-04-14,spring,West,America/Boise,West:Boise,large,2019|spring|West:Boise|large,BOI,SAN,1055.0,confirmed_period,confirmed_period,confirmed_period,True,,2019-04-14 15:55:00+00:00
TRAIN_249021,249021,2018,2018-12-21,winter,Midwest,America/Detroit,Midwest:Detroit,large,2018|winter|Midwest:Detroit|large,DTW,SDF,1751.0,confirmed_period,tz_conflict_needs_resolution,tz_conflict_needs_resolution,False,"origin=confirmed_period,destination=tz_conflict_needs_resolution",2018-12-21 21:51:00+00:00
TRAIN_255548,255548,2019,2019-05-10,spring,Midwest,America/New_York,Midwest:New_York,large,2019|spring|Midwest:New_York|large,DAY,DTW,1830.0,confirmed_period,confirmed_period,confirmed_period,True,,2019-05-10 21:30:00+00:00
TRAIN_256515,256515,2019,2019-01-30,winter,Northeast,America/New_York,Northeast:New_York,medium,2019|winter|Northeast:New_York|medium,BGR,LGA,1910.0,confirmed_period,confirmed_period,confirmed_period,True,,2019-01-30 23:10:00+00:00
TRAIN_257716,257716,2019,2019-02-22,winter,Midwest,America/Detroit,Midwest:Detroit,large,2019|winter|Midwest:Detroit|large,DTW,MIA,1730.0,confirmed_period,confirmed_period,confirmed_period,True,,2019-02-22 21:30:00+00:00
TRAIN_257859,257859,2018,2018-10-29,fall,Midwest,America/Chicago,Midwest:Chicago,large,2018|fall|Midwest:Chicago|large,STL,MKE,1610.0,confirmed_period,confirmed_period,confirmed_period,True,,2018-10-29 20:10:00+00:00
TRAIN_261495,261495,2019,2019-01-22,winter,Non-contiguous territory,Pacific/Saipan,Non-contiguous territory,small,2019|winter|Non-contiguous territory|small,SPN,GUM,1825.0,unconfirmed,confirmed_period,unconfirmed,False,"origin=unconfirmed,destination=confirmed_period",2019-01-22 07:25:00+00:00
TRAIN_265125,265125,2019,2019-10-15,fall,South,America/Chicago,South:Chicago,small,2019|fall|South:Chicago|small,MEI,ORD,1225.0,confirmed_period,confirmed_period,confirmed_period,True,,2019-10-15 16:25:00+00:00
TRAIN_274465,274465,2019,2019-08-14,summer,Hawaii,Pacific/Honolulu,Hawaii,large,2019|summer|Hawaii|large,OGG,SFO,1520.0,confirmed_period,confirmed_period,confirmed_period,True,,2019-08-15 00:20:00+00:00
TRAIN_275146,275146,2019,2019-11-14,fall,Hawaii,Pacific/Honolulu,Hawaii,large,2019|fall|Hawaii|large,OGG,OAK,915.0,confirmed_period,confirmed_period,confirmed_period,True,,2019-11-14 18:15:00+00:00
TRAIN_275296,275296,2018,2018-08-17,summer,South,America/Kentucky/Louisville,South:Louisville,large,2018|summer|South:Louisville|large,SDF,BWI,820.0,tz_conflict_needs_resolution,confirmed_period,tz_conflict_needs_resolution,False,"origin=tz_conflict_needs_resolution,destination=confirmed_period",2018-08-17 11:20:00+00:00
TRAIN_275726,275726,2019,2019-05-20,spring,West,America/Phoenix,West:Phoenix,medium,2019|spring|West:Phoenix|medium,AZA,OGD,1258.0,unconfirmed,confirmed_period,unconfirmed,False,"origin=unconfirmed,destination=confirmed_period",2019-05-20 18:58:00+00:00
TRAIN_279457,279457,2019,2019-06-23,summer,Midwest,America/Indiana/Indianapolis,Midwest:Indianapolis,large,2019|summer|Midwest:Indianapolis|large,IND,LGA,1114.0,confirmed_period,confirmed_period,confirmed_period,True,,2019-06-23 14:14:00+00:00
TRAIN_286874,286874,2019,2019-06-21,summer,West,America/Boise,West:Boise,medium,2019|summer|West:Boise|medium,SUN,SEA,1155.0,confirmed_period,confirmed_period,confirmed_period,True,,2019-06-21 16:55:00+00:00
TRAIN_289908,289908,2018,2018-12-14,winter,Hawaii,Pacific/Honolulu,Hawaii,large,2018|winter|Hawaii|large,KOA,PHX,2349.0,confirmed_period,confirmed_period,confirmed_period,True,,2018-12-15 08:49:00+00:00
TRAIN_291278,291278,2019,2019-11-23,fall,South,America/Chicago,South:Chicago,large,2019|fall|South:Chicago|large,DFW,MKE,657.0,confirmed_period,confirmed_period,confirmed_period,True,,2019-11-23 11:57:00+00:00
TRAIN_293540,293540,2018,2018-07-25,summer,South,America/Chicago,South:Chicago,medium,2018|summer|South:Chicago|medium,BTR,IAH,1610.0,confirmed_period,confirmed_period,confirmed_period,True,,2018-07-25 20:10:00+00:00
TRAIN_294789,294789,2018,2018-09-18,fall,South,America/Chicago,South:Chicago,small,2018|fall|South:Chicago|small,DHN,ATL,1053.0,confirmed_period,confirmed_period,confirmed_period,True,,2018-09-18 14:53:00+00:00
TRAIN_305211,305211,2018,2018-09-15,fall,Midwest,America/Detroit,Midwest:Detroit,small,2018|fall|Midwest:Detroit|small,APN,PLN,528.0,confirmed_period,confirmed_period,confirmed_period,True,,2018-09-15 08:28:00+00:00
TRAIN_318094,318094,2019,2019-05-15,spring,Midwest,America/Chicago,Midwest:Chicago,medium,2019|spring|Midwest:Chicago|medium,EVV,CLT,1108.0,confirmed_period,confirmed_period,confirmed_period,True,,2019-05-15 15:08:00+00:00
TRAIN_320342,320342,2018,2018-11-04,fall,South,America/New_York,South:New_York,large,2018|fall|South:New_York|large,MCO,IAD,1545.0,confirmed_period,confirmed_period,confirmed_period,True,,2018-11-04 19:45:00+00:00
TRAIN_321507,321507,2019,2019-12-17,winter,West,America/Los_Angeles,West:Los_Angeles,medium,2019|winter|West:Los_Angeles|medium,SBP,SFO,648.0,confirmed_period,confirmed_period,confirmed_period,True,,2019-12-17 13:48:00+00:00
TRAIN_324862,324862,2018,2018-06-16,summer,Northeast,America/New_York,Northeast:New_York,large,2018|summer|Northeast:New_York|large,EWR,BOS,757.0,confirmed_period,confirmed_period,confirmed_period,True,,2018-06-16 10:57:00+00:00
TRAIN_324997,324997,2018,2018-10-02,fall,Hawaii,Pacific/Honolulu,Hawaii,large,2018|fall|Hawaii|large,LIH,HNL,1119.0,confirmed_period,confirmed_period,confirmed_period,True,,2018-10-02 20:19:00+00:00
TRAIN_325550,325550,2018,2018-03-26,spring,Alaska,America/Anchorage,Alaska,large,2018|spring|Alaska|large,ANC,BET,605.0,confirmed_period,confirmed_period,confirmed_period,True,,2018-03-26 13:05:00+00:00
TRAIN_332979,332979,2018,2018-06-07,summer,Midwest,America/Detroit,Midwest:Detroit,small,2018|summer|Midwest:Detroit|small,MKG,ORD,1043.0,confirmed_period,confirmed_period,confirmed_period,True,,2018-06-07 13:43:00+00:00
TRAIN_341069,341069,2018,2018-12-20,winter,South,America/New_York,South:New_York,large,2018|winter|South:New_York|large,CLT,DTW,1955.0,confirmed_period,confirmed_period,confirmed_period,True,,2018-12-20 23:55:00+00:00
TRAIN_343531,343531,2018,2018-07-14,summer,West,America/Los_Angeles,West:Los_Angeles,medium,2018|summer|West:Los_Angeles|medium,RDD,SFO,1805.0,confirmed_period,confirmed_period,confirmed_period,True,,2018-07-15 00:05:00+00:00
TRAIN_345499,345499,2018,2018-02-05,winter,Hawaii,Pacific/Honolulu,Hawaii,medium,2018|winter|Hawaii|medium,ITO,LAX,2200.0,confirmed_period,confirmed_period,confirmed_period,True,,2018-02-06 07:00:00+00:00
TRAIN_347508,347508,2018,2018-07-06,summer,Midwest,America/Chicago,Midwest:Chicago,medium,2018|summer|Midwest:Chicago|medium,COU,DEN,600.0,confirmed_period,confirmed_period,confirmed_period,True,,2018-07-06 10:00:00+00:00
TRAIN_351562,351562,2019,2019-08-09,summer,Non-contiguous territory,America/Puerto_Rico,Non-contiguous territory,large,2019|summer|Non-contiguous territory|large,SJU,PHL,730.0,confirmed_period,confirmed_period,confirmed_period,True,,2019-08-09 10:30:00+00:00
TRAIN_356166,356166,2018,2018-04-09,spring,West,America/Phoenix,West:Phoenix,medium,2018|spring|West:Phoenix|medium,AZA,DSM,720.0,unconfirmed,confirmed_period,unconfirmed,False,"origin=unconfirmed,destination=confirmed_period",2018-04-09 13:20:00+00:00
TRAIN_361876,361876,2019,2019-02-04,winter,Midwest,America/Chicago,Midwest:Chicago,medium,2019|winter|Midwest:Chicago|medium,MHK,DFW,600.0,confirmed_period,confirmed_period,confirmed_period,True,,2019-02-04 11:00:00+00:00
TRAIN_365309,365309,2019,2019-02-01,winter,Midwest,America/Denver,Midwest:Denver,medium,2019|winter|Midwest:Denver|medium,RAP,DEN,1318.0,confirmed_period,confirmed_period,confirmed_period,True,,2019-02-01 19:18:00+00:00
TRAIN_370421,370421,2019,2019-10-16,fall,South,America/Chicago,South:Chicago,medium,2019|fall|South:Chicago|medium,MGM,ATL,1429.0,confirmed_period,confirmed_period,confirmed_period,True,,2019-10-16 18:29:00+00:00
TRAIN_386808,386808,2018,2018-04-24,spring,Midwest,America/Denver,Midwest:Denver,medium,2018|spring|Midwest:Denver|medium,RAP,DEN,735.0,confirmed_period,confirmed_period,confirmed_period,True,,2018-04-24 12:35:00+00:00
TRAIN_389379,389379,2018,2018-08-01,summer,Northeast,America/New_York,Northeast:New_York,small,2018|summer|Northeast:New_York|small,MVY,DCA,1220.0,confirmed_period,confirmed_period,confirmed_period,True,,2018-08-01 15:20:00+00:00
TRAIN_399818,399818,2018,2018-04-26,spring,South,America/Denver,South:Denver,large,2018|spring|South:Denver|large,ELP,LAS,935.0,confirmed_period,confirmed_period,confirmed_period,True,,2018-04-26 14:35:00+00:00
TRAIN_401669,401669,2018,2018-04-10,spring,Midwest,America/Detroit,Midwest:Detroit,medium,2018|spring|Midwest:Detroit|medium,AZO,MSP,1550.0,confirmed_period,confirmed_period,confirmed_period,True,,2018-04-10 18:50:00+00:00
TRAIN_402145,402145,2019,2019-12-29,winter,West,America/Boise,West:Boise,large,2019|winter|West:Boise|large,BOI,SFO,839.0,confirmed_period,confirmed_period,confirmed_period,True,,2019-12-29 14:39:00+00:00
TRAIN_402399,402399,2018,2018-12-27,winter,South,America/New_York,South:New_York,medium,2018|winter|South:New_York|medium,MLB,CLT,1724.0,confirmed_period,confirmed_period,confirmed_period,True,,2018-12-27 21:24:00+00:00
TRAIN_411871,411871,2019,2019-07-14,summer,Midwest,America/Detroit,Midwest:Detroit,small,2019|summer|Midwest:Detroit|small,CMX,ORD,610.0,confirmed_period,confirmed_period,confirmed_period,True,,2019-07-14 09:10:00+00:00
TRAIN_414444,414444,2018,2018-09-10,fall,South,America/New_York,South:New_York,medium,2018|fall|South:New_York|medium,TLH,ATL,545.0,confirmed_period,confirmed_period,confirmed_period,True,,2018-09-10 08:45:00+00:00
TRAIN_414853,414853,2018,2018-07-05,summer,South,America/Denver,South:Denver,large,2018|summer|South:Denver|large,ELP,DAL,500.0,confirmed_period,confirmed_period,confirmed_period,True,,2018-07-05 10:00:00+00:00
TRAIN_418864,418864,2018,2018-03-02,spring,West,America/Denver,West:Denver,medium,2018|spring|West:Denver|medium,SGU,DEN,1345.0,confirmed_period,confirmed_period,confirmed_period,True,,2018-03-02 19:45:00+00:00
TRAIN_430249,430249,2019,2019-10-22,fall,Midwest,America/Detroit,Midwest:Detroit,medium,2019|fall|Midwest:Detroit|medium,AZO,DTW,530.0,confirmed_period,confirmed_period,confirmed_period,True,,2019-10-22 08:30:00+00:00
TRAIN_430442,430442,2019,2019-09-19,fall,Midwest,America/Detroit,Midwest:Detroit,large,2019|fall|Midwest:Detroit|large,DTW,DSM,2010.0,confirmed_period,confirmed_period,confirmed_period,True,,2019-09-19 23:10:00+00:00
TRAIN_430947,430947,2018,2018-08-15,summer,West,America/Boise,West:Boise,large,2018|summer|West:Boise|large,BOI,DFW,1203.0,confirmed_period,confirmed_period,confirmed_period,True,,2018-08-15 17:03:00+00:00
TRAIN_432306,432306,2018,2018-05-13,spring,Midwest,America/New_York,Midwest:New_York,large,2018|spring|Midwest:New_York|large,CLE,LAX,1731.0,confirmed_period,confirmed_period,confirmed_period,True,,2018-05-13 20:31:00+00:00
TRAIN_433972,433972,2018,2018-12-15,winter,Midwest,America/Denver,Midwest:Denver,medium,2018|winter|Midwest:Denver|medium,RAP,MSP,605.0,confirmed_period,confirmed_period,confirmed_period,True,,2018-12-15 12:05:00+00:00
TRAIN_436008,436008,2018,2018-02-07,winter,South,America/Denver,South:Denver,large,2018|winter|South:Denver|large,ELP,PHX,550.0,confirmed_period,confirmed_period,confirmed_period,True,,2018-02-07 11:50:00+00:00
TRAIN_438086,438086,2019,2019-08-23,summer,Alaska,America/Anchorage,Alaska,large,2019|summer|Alaska|large,ANC,SEA,1327.0,confirmed_period,confirmed_period,confirmed_period,True,,2019-08-23 20:27:00+00:00
TRAIN_442636,442636,2018,2018-09-22,fall,Midwest,America/Indiana/Indianapolis,Midwest:Indianapolis,medium,2018|fall|Midwest:Indianapolis|medium,SBN,ORD,1802.0,confirmed_period,confirmed_period,confirmed_period,True,,2018-09-22 21:02:00+00:00
TRAIN_444418,444418,2019,2019-07-23,summer,Northeast,America/New_York,Northeast:New_York,large,2019|summer|Northeast:New_York|large,LGA,CLT,1459.0,confirmed_period,confirmed_period,confirmed_period,True,,2019-07-23 17:59:00+00:00
TRAIN_444588,444588,2019,2019-05-07,spring,South,America/New_York,South:New_York,large,2019|spring|South:New_York|large,DCA,ATL,800.0,confirmed_period,confirmed_period,confirmed_period,True,,2019-05-07 11:00:00+00:00
TRAIN_445654,445654,2019,2019-08-10,summer,South,America/New_York,South:New_York,large,2019|summer|South:New_York|large,GSP,PHL,734.0,confirmed_period,confirmed_period,confirmed_period,True,,2019-08-10 10:34:00+00:00
TRAIN_449102,449102,2018,2018-01-19,winter,Midwest,America/Detroit,Midwest:Detroit,small,2018|winter|Midwest:Detroit|small,CIU,MSP,725.0,confirmed_period,confirmed_period,confirmed_period,True,,2018-01-19 11:25:00+00:00
TRAIN_449144,449144,2018,2018-04-22,spring,Northeast,America/New_York,Northeast:New_York,small,2018|spring|Northeast:New_York|small,PBG,PIE,1028.0,confirmed_period,confirmed_period,confirmed_period,True,,2018-04-22 13:28:00+00:00
TRAIN_449700,449700,2018,2018-11-16,fall,Midwest,America/Chicago,Midwest:Chicago,small,2018|fall|Midwest:Chicago|small,JLN,DFW,1414.0,confirmed_period,confirmed_period,confirmed_period,True,,2018-11-16 19:14:00+00:00
TRAIN_456938,456938,2019,2019-09-29,fall,Northeast,America/New_York,Northeast:New_York,medium,2019|fall|Northeast:New_York|medium,ELM,IAD,1430.0,confirmed_period,confirmed_period,confirmed_period,True,,2019-09-29 17:30:00+00:00
TRAIN_457924,457924,2019,2019-09-02,fall,Hawaii,Pacific/Honolulu,Hawaii,medium,2019|fall|Hawaii|medium,MKK,HNL,751.0,confirmed_period,confirmed_period,confirmed_period,True,,2019-09-02 16:51:00+00:00
TRAIN_461109,461109,2018,2018-10-07,fall,Midwest,America/Denver,Midwest:Denver,medium,2018|fall|Midwest:Denver|medium,RAP,LAS,2021.0,confirmed_period,confirmed_period,confirmed_period,True,,2018-10-08 01:21:00+00:00
TRAIN_462039,462039,2019,2019-08-25,summer,South,America/Chicago,South:Chicago,large,2019|summer|South:Chicago|large,LIT,IAH,942.0,confirmed_period,confirmed_period,confirmed_period,True,,2019-08-25 13:42:00+00:00
TRAIN_463720,463720,2019,2019-07-11,summer,Midwest,America/Chicago,Midwest:Chicago,medium,2019|summer|Midwest:Chicago|medium,SLN,HYS,1245.0,confirmed_period,confirmed_period,confirmed_period,True,,2019-07-11 16:45:00+00:00
TRAIN_466865,466865,2018,2018-03-13,spring,West,America/Denver,West:Denver,large,2018|spring|West:Denver|large,DEN,SAT,1809.0,confirmed_period,confirmed_period,confirmed_period,True,,2018-03-13 23:09:00+00:00
TRAIN_473427,473427,2018,2018-12-15,winter,South,America/Chicago,South:Chicago,medium,2018|winter|South:Chicago|medium,BTR,IAH,1605.0,confirmed_period,confirmed_period,confirmed_period,True,,2018-12-15 21:05:00+00:00
TRAIN_474595,474595,2018,2018-12-29,winter,Midwest,America/New_York,Midwest:New_York,medium,2018|winter|Midwest:New_York|medium,CAK,ATL,1220.0,confirmed_period,confirmed_period,confirmed_period,True,,2018-12-29 16:20:00+00:00
TRAIN_475319,475319,2018,2018-04-21,spring,Alaska,America/Nome,Alaska,small,2018|spring|Alaska|small,DUT,ANC,1455.0,confirmed_period,confirmed_period,confirmed_period,True,,2018-04-21 21:55:00+00:00
TRAIN_477477,477477,2019,2019-05-09,spring,Northeast,America/New_York,Northeast:New_York,large,2019|spring|Northeast:New_York|large,JFK,LAX,955.0,confirmed_period,confirmed_period,confirmed_period,True,,2019-05-09 12:55:00+00:00
TRAIN_478047,478047,2019,2019-11-23,fall,South,America/New_York,South:New_York,large,2019|fall|South:New_York|large,CVG,ORD,1522.0,confirmed_period,confirmed_period,confirmed_period,True,,2019-11-23 19:22:00+00:00
TRAIN_484341,484341,2019,2019-11-13,fall,Northeast,America/New_York,Northeast:New_York,small,2019|fall|Northeast:New_York|small,IAG,PGD,1729.0,confirmed_period,confirmed_period,confirmed_period,True,,2019-11-13 21:29:00+00:00
TRAIN_491473,491473,2019,2019-01-28,winter,South,America/New_York,South:New_York,medium,2019|winter|South:New_York|medium,OAJ,ATL,600.0,confirmed_period,confirmed_period,confirmed_period,True,,2019-01-28 10:00:00+00:00
TRAIN_491826,491826,2018,2018-05-04,spring,Northeast,America/New_York,Northeast:New_York,large,2018|spring|Northeast:New_York|large,PHL,BOS,1524.0,confirmed_period,confirmed_period,confirmed_period,True,,2018-05-04 18:24:00+00:00
TRAIN_491893,491893,2018,2018-08-11,summer,Non-contiguous territory,America/St_Thomas,Non-contiguous territory,small,2018|summer|Non-contiguous territory|small,STX,CLT,1617.0,tz_conflict_needs_resolution,confirmed_period,tz_conflict_needs_resolution,False,"origin=tz_conflict_needs_resolution,destination=confirmed_period",2018-08-11 19:17:00+00:00
TRAIN_494783,494783,2018,2018-09-07,fall,Hawaii,Pacific/Honolulu,Hawaii,medium,2018|fall|Hawaii|medium,ITO,HNL,620.0,confirmed_period,confirmed_period,confirmed_period,True,,2018-09-07 15:20:00+00:00
TRAIN_499657,499657,2019,2019-07-18,summer,West,America/Denver,West:Denver,large,2019|summer|West:Denver|large,DEN,ORD,936.0,confirmed_period,confirmed_period,confirmed_period,True,,2019-07-18 14:36:00+00:00
TRAIN_502572,502572,2018,2018-10-01,fall,Midwest,America/Chicago,Midwest:Chicago,medium,2018|fall|Midwest:Chicago|medium,BIS,DEN,1300.0,confirmed_period,confirmed_period,confirmed_period,True,,2018-10-01 17:00:00+00:00
TRAIN_503642,503642,2018,2018-07-18,summer,South,America/Chicago,South:Chicago,large,2018|summer|South:Chicago|large,DAL,SAT,600.0,confirmed_period,confirmed_period,confirmed_period,True,,2018-07-18 10:00:00+00:00
TRAIN_504241,504241,2019,2019-09-27,fall,Midwest,America/New_York,Midwest:New_York,medium,2019|fall|Midwest:New_York|medium,CAK,MCO,1330.0,confirmed_period,confirmed_period,confirmed_period,True,,2019-09-27 16:30:00+00:00
TRAIN_509540,509540,2019,2019-02-04,winter,South,America/New_York,South:New_York,large,2019|winter|South:New_York|large,RSW,ORD,1245.0,confirmed_period,confirmed_period,confirmed_period,True,,2019-02-04 16:45:00+00:00
TRAIN_510906,510906,2018,2018-12-20,winter,Alaska,America/Juneau,Alaska,medium,2018|winter|Alaska|medium,JNU,YAK,1015.0,confirmed_period,confirmed_period,confirmed_period,True,,2018-12-20 18:15:00+00:00
TRAIN_516626,516626,2019,2019-04-19,spring,West,America/Boise,West:Boise,medium,2019|spring|West:Boise|medium,IDA,DEN,1050.0,confirmed_period,confirmed_period,confirmed_period,True,,2019-04-19 15:50:00+00:00
TRAIN_517002,517002,2018,2018-09-04,fall,Midwest,America/Detroit,Midwest:Detroit,medium,2018|fall|Midwest:Detroit|medium,TVC,DTW,530.0,confirmed_period,confirmed_period,confirmed_period,True,,2018-09-04 08:30:00+00:00
TRAIN_520135,520135,2018,2018-10-19,fall,Non-contiguous territory,America/Puerto_Rico,Non-contiguous territory,medium,2018|fall|Non-contiguous territory|medium,BQN,FLL,315.0,confirmed_period,confirmed_period,confirmed_period,True,,2018-10-19 06:15:00+00:00
TRAIN_521081,521081,2019,2019-03-30,spring,Midwest,America/Chicago,Midwest:Chicago,large,2019|spring|Midwest:Chicago|large,ORD,SYR,900.0,confirmed_period,confirmed_period,confirmed_period,True,,2019-03-30 13:00:00+00:00
TRAIN_522513,522513,2018,2018-09-08,fall,South,America/Chicago,South:Chicago,medium,2018|fall|South:Chicago|medium,MLU,DFW,1633.0,confirmed_period,confirmed_period,confirmed_period,True,,2018-09-08 20:33:00+00:00
TRAIN_524573,524573,2019,2019-05-03,spring,South,America/Chicago,South:Chicago,small,2019|spring|South:Chicago|small,GGG,DFW,635.0,confirmed_period,confirmed_period,confirmed_period,True,,2019-05-03 10:35:00+00:00
TRAIN_527158,527158,2018,2018-11-04,fall,Northeast,America/New_York,Northeast:New_York,small,2018|fall|Northeast:New_York|small,HVN,PHL,1224.0,confirmed_period,confirmed_period,confirmed_period,True,,2018-11-04 16:24:00+00:00
TRAIN_533613,533613,2018,2018-09-09,fall,Midwest,America/New_York,Midwest:New_York,large,2018|fall|Midwest:New_York|large,CLE,MCO,855.0,confirmed_period,confirmed_period,confirmed_period,True,,2018-09-09 11:55:00+00:00
TRAIN_538174,538174,2019,2019-12-22,winter,Midwest,America/New_York,Midwest:New_York,medium,2019|winter|Midwest:New_York|medium,LCK,SAV,1901.0,confirmed_period,confirmed_period,confirmed_period,True,,2019-12-22 23:01:00+00:00
TRAIN_542748,542748,2019,2019-03-31,spring,Alaska,America/Sitka,Alaska,medium,2019|spring|Alaska|medium,KTN,SEA,1355.0,tz_conflict_needs_resolution,confirmed_period,tz_conflict_needs_resolution,False,"origin=tz_conflict_needs_resolution,destination=confirmed_period",2019-03-31 20:55:00+00:00
TRAIN_546045,546045,2018,2018-06-05,summer,West,America/Denver,West:Denver,large,2018|summer|West:Denver|large,DEN,FCA,1910.0,confirmed_period,unconfirmed,unconfirmed,False,"origin=confirmed_period,destination=unconfirmed",2018-06-06 00:10:00+00:00
TRAIN_549842,549842,2018,2018-04-17,spring,Non-contiguous territory,America/St_Thomas,Non-contiguous territory,medium,2018|spring|Non-contiguous territory|medium,STT,ATL,1412.0,tz_conflict_needs_resolution,confirmed_period,tz_conflict_needs_resolution,False,"origin=tz_conflict_needs_resolution,destination=confirmed_period",2018-04-17 17:12:00+00:00
TRAIN_551857,551857,2018,2018-04-05,spring,West,America/Boise,West:Boise,large,2018|spring|West:Boise|large,BOI,SEA,1703.0,confirmed_period,confirmed_period,confirmed_period,True,,2018-04-05 22:03:00+00:00
TRAIN_552902,552902,2019,2019-08-04,summer,South,America/Chicago,South:Chicago,medium,2019|summer|South:Chicago|medium,SHV,ATL,1856.0,confirmed_period,confirmed_period,confirmed_period,True,,2019-08-04 22:56:00+00:00
TRAIN_554613,554613,2018,2018-08-17,summer,Midwest,America/New_York,Midwest:New_York,large,2018|summer|Midwest:New_York|large,CMH,IAD,1935.0,confirmed_period,confirmed_period,confirmed_period,True,,2018-08-17 22:35:00+00:00
TRAIN_559124,559124,2019,2019-11-11,fall,West,America/Denver,West:Denver,medium,2019|fall|West:Denver|medium,CPR,DEN,1520.0,confirmed_period,confirmed_period,confirmed_period,True,,2019-11-11 21:20:00+00:00
TRAIN_560661,560661,2018,2018-01-14,winter,West,America/Boise,West:Boise,medium,2018|winter|West:Boise|medium,IDA,AZA,1011.0,confirmed_period,unconfirmed,unconfirmed,False,"origin=confirmed_period,destination=unconfirmed",2018-01-14 16:11:00+00:00
TRAIN_561252,561252,2018,2018-01-30,winter,Non-contiguous territory,America/Puerto_Rico,Non-contiguous territory,small,2018|winter|Non-contiguous territory|small,PSE,MCO,250.0,confirmed_period,confirmed_period,confirmed_period,True,,2018-01-30 05:50:00+00:00
TRAIN_562733,562733,2019,2019-02-24,winter,West,America/Phoenix,West:Phoenix,medium,2019|winter|West:Phoenix|medium,AZA,PVU,1209.0,unconfirmed,confirmed_period,unconfirmed,False,"origin=unconfirmed,destination=confirmed_period",2019-02-24 18:09:00+00:00
TRAIN_565923,565923,2019,2019-07-21,summer,Midwest,America/New_York,Midwest:New_York,large,2019|summer|Midwest:New_York|large,CMH,LGA,1915.0,confirmed_period,confirmed_period,confirmed_period,True,,2019-07-21 22:15:00+00:00
TRAIN_567000,567000,2019,2019-11-09,fall,Midwest,America/Indiana/Indianapolis,Midwest:Indianapolis,large,2019|fall|Midwest:Indianapolis|large,IND,IAD,1955.0,confirmed_period,confirmed_period,confirmed_period,True,,2019-11-09 23:55:00+00:00
TRAIN_569598,569598,2018,2018-08-28,summer,Midwest,America/Denver,Midwest:Denver,small,2018|summer|Midwest:Denver|small,BFF,DEN,1600.0,confirmed_period,confirmed_period,confirmed_period,True,,2018-08-28 21:00:00+00:00
TRAIN_571918,571918,2018,2018-12-03,winter,Northeast,America/New_York,Northeast:New_York,large,2018|winter|Northeast:New_York|large,LGA,ATL,1400.0,confirmed_period,confirmed_period,confirmed_period,True,,2018-12-03 18:00:00+00:00
TRAIN_580961,580961,2019,2019-03-15,spring,Midwest,America/New_York,Midwest:New_York,medium,2019|spring|Midwest:New_York|medium,CAK,ORD,1749.0,confirmed_period,confirmed_period,confirmed_period,True,,2019-03-15 20:49:00+00:00
TRAIN_582901,582901,2019,2019-03-16,spring,Non-contiguous territory,America/Puerto_Rico,Non-contiguous territory,large,2019|spring|Non-contiguous territory|large,SJU,JFK,1259.0,confirmed_period,confirmed_period,confirmed_period,True,,2019-03-16 15:59:00+00:00
TRAIN_583934,583934,2018,2018-02-20,winter,Midwest,America/Denver,Midwest:Denver,small,2018|winter|Midwest:Denver|small,DIK,DEN,1455.0,confirmed_period,confirmed_period,confirmed_period,True,,2018-02-20 20:55:00+00:00
TRAIN_585272,585272,2019,2019-10-21,fall,Northeast,America/New_York,Northeast:New_York,large,2019|fall|Northeast:New_York|large,PWM,LGA,1221.0,confirmed_period,confirmed_period,confirmed_period,True,,2019-10-21 15:21:00+00:00
TRAIN_587730,587730,2018,2018-06-13,summer,West,America/Los_Angeles,West:Los_Angeles,large,2018|summer|West:Los_Angeles|large,LAX,DFW,1139.0,confirmed_period,confirmed_period,confirmed_period,True,,2018-06-13 17:39:00+00:00
TRAIN_595193,595193,2019,2019-09-22,fall,Alaska,America/Sitka,Alaska,medium,2019|fall|Alaska|medium,KTN,SEA,1740.0,tz_conflict_needs_resolution,confirmed_period,tz_conflict_needs_resolution,False,"origin=tz_conflict_needs_resolution,destination=confirmed_period",2019-09-23 00:40:00+00:00
TRAIN_597919,597919,2018,2018-01-08,winter,Alaska,America/Anchorage,Alaska,large,2018|winter|Alaska|large,ANC,SEA,125.0,confirmed_period,confirmed_period,confirmed_period,True,,2018-01-08 09:25:00+00:00
TRAIN_601758,601758,2019,2019-03-04,spring,Non-contiguous territory,America/St_Thomas,Non-contiguous territory,small,2019|spring|Non-contiguous territory|small,STX,ATL,1700.0,tz_conflict_needs_resolution,confirmed_period,tz_conflict_needs_resolution,False,"origin=tz_conflict_needs_resolution,destination=confirmed_period",2019-03-04 20:00:00+00:00
TRAIN_604311,604311,2018,2018-12-22,winter,West,America/Denver,West:Denver,large,2018|winter|West:Denver|large,DEN,DFW,1246.0,confirmed_period,confirmed_period,confirmed_period,True,,2018-12-22 18:46:00+00:00
TRAIN_606686,606686,2019,2019-09-02,fall,Midwest,America/Indiana/Indianapolis,Midwest:Indianapolis,medium,2019|fall|Midwest:Indianapolis|medium,SBN,CLT,1509.0,confirmed_period,confirmed_period,confirmed_period,True,,2019-09-02 18:09:00+00:00
TRAIN_607093,607093,2018,2018-09-25,fall,Midwest,America/Denver,Midwest:Denver,small,2018|fall|Midwest:Denver|small,DIK,DEN,1455.0,confirmed_period,confirmed_period,confirmed_period,True,,2018-09-25 19:55:00+00:00
TRAIN_615870,615870,2019,2019-09-18,fall,South,America/Kentucky/Louisville,South:Louisville,large,2019|fall|South:Louisville|large,SDF,MSP,1755.0,tz_conflict_needs_resolution,confirmed_period,tz_conflict_needs_resolution,False,"origin=tz_conflict_needs_resolution,destination=confirmed_period",2019-09-18 20:55:00+00:00
TRAIN_620056,620056,2019,2019-09-29,fall,West,America/Los_Angeles,West:Los_Angeles,large,2019|fall|West:Los_Angeles|large,SEA,SFO,1240.0,confirmed_period,confirmed_period,confirmed_period,True,,2019-09-29 18:40:00+00:00
TRAIN_624147,624147,2019,2019-06-06,summer,Midwest,America/Denver,Midwest:Denver,medium,2019|summer|Midwest:Denver|medium,RAP,ORD,1335.0,confirmed_period,confirmed_period,confirmed_period,True,,2019-06-06 18:35:00+00:00
TRAIN_626930,626930,2018,2018-12-30,winter,West,America/Phoenix,West:Phoenix,medium,2018|winter|West:Phoenix|medium,AZA,PSC,1338.0,unconfirmed,confirmed_period,unconfirmed,False,"origin=unconfirmed,destination=confirmed_period",2018-12-30 19:38:00+00:00
TRAIN_627516,627516,2018,2018-10-29,fall,Midwest,America/Indiana/Indianapolis,Midwest:Indianapolis,large,2018|fall|Midwest:Indianapolis|large,IND,JFK,1622.0,confirmed_period,confirmed_period,confirmed_period,True,,2018-10-29 19:22:00+00:00
TRAIN_638467,638467,2019,2019-12-03,winter,Midwest,America/Indiana/Indianapolis,Midwest:Indianapolis,large,2019|winter|Midwest:Indianapolis|large,IND,DEN,1525.0,confirmed_period,confirmed_period,confirmed_period,True,,2019-12-03 19:25:00+00:00
TRAIN_645402,645402,2018,2018-10-08,fall,Non-contiguous territory,Pacific/Pago_Pago,Non-contiguous territory,small,2018|fall|Non-contiguous territory|small,PPG,HNL,2320.0,confirmed_period,confirmed_period,confirmed_period,True,,2018-10-09 09:20:00+00:00
TRAIN_650818,650818,2018,2018-05-18,spring,Non-contiguous territory,Pacific/Saipan,Non-contiguous territory,small,2018|spring|Non-contiguous territory|small,SPN,ROP,1330.0,unconfirmed,confirmed_period,unconfirmed,False,"origin=unconfirmed,destination=confirmed_period",2018-05-18 02:30:00+00:00
TRAIN_652998,652998,2018,2018-09-21,fall,South,America/Kentucky/Louisville,South:Louisville,large,2018|fall|South:Louisville|large,SDF,PIE,1015.0,tz_conflict_needs_resolution,confirmed_period,tz_conflict_needs_resolution,False,"origin=tz_conflict_needs_resolution,destination=confirmed_period",2018-09-21 13:15:00+00:00
TRAIN_660930,660930,2019,2019-10-22,fall,Midwest,America/Chicago,Midwest:Chicago,large,2019|fall|Midwest:Chicago|large,MSP,CLE,1400.0,confirmed_period,confirmed_period,confirmed_period,True,,2019-10-22 18:00:00+00:00
TRAIN_661170,661170,2018,2018-10-26,fall,West,America/Los_Angeles,West:Los_Angeles,large,2018|fall|West:Los_Angeles|large,OAK,LGB,1720.0,confirmed_period,confirmed_period,confirmed_period,True,,2018-10-26 23:20:00+00:00
TRAIN_662573,662573,2019,2019-12-24,winter,Alaska,America/Anchorage,Alaska,large,2019|winter|Alaska|large,ANC,FAI,1135.0,confirmed_period,confirmed_period,confirmed_period,True,,2019-12-24 19:35:00+00:00
TRAIN_663291,663291,2018,2018-12-17,winter,Midwest,America/Chicago,Midwest:Chicago,large,2018|winter|Midwest:Chicago|large,MDW,AUS,2005.0,confirmed_period,confirmed_period,confirmed_period,True,,2018-12-18 01:05:00+00:00
TRAIN_663310,663310,2019,2019-12-10,winter,South,America/Denver,South:Denver,large,2019|winter|South:Denver|large,ELP,DFW,850.0,confirmed_period,confirmed_period,confirmed_period,True,,2019-12-10 14:50:00+00:00
TRAIN_669335,669335,2018,2018-04-06,spring,West,America/Boise,West:Boise,medium,2018|spring|West:Boise|medium,TWF,SLC,1820.0,confirmed_period,confirmed_period,confirmed_period,True,,2018-04-06 23:20:00+00:00
TRAIN_671847,671847,2019,2019-03-30,spring,Hawaii,Pacific/Honolulu,Hawaii,medium,2019|spring|Hawaii|medium,MKK,HNL,1537.0,confirmed_period,confirmed_period,confirmed_period,True,,2019-03-31 00:37:00+00:00
TRAIN_676780,676780,2018,2018-03-15,spring,South,America/New_York,South:New_York,large,2018|spring|South:New_York|large,BWI,DEN,645.0,confirmed_period,confirmed_period,confirmed_period,True,,2018-03-15 09:45:00+00:00
TRAIN_685528,685528,2019,2019-06-01,summer,Non-contiguous territory,America/St_Thomas,Non-contiguous territory,medium,2019|summer|Non-contiguous territory|medium,STT,EWR,1415.0,tz_conflict_needs_resolution,confirmed_period,tz_conflict_needs_resolution,False,"origin=tz_conflict_needs_resolution,destination=confirmed_period",2019-06-01 17:15:00+00:00
TRAIN_687659,687659,2019,2019-03-04,spring,South,America/Kentucky/Louisville,South:Louisville,large,2019|spring|South:Louisville|large,SDF,ATL,1706.0,tz_conflict_needs_resolution,confirmed_period,tz_conflict_needs_resolution,False,"origin=tz_conflict_needs_resolution,destination=confirmed_period",2019-03-04 21:06:00+00:00
TRAIN_688050,688050,2019,2019-10-26,fall,West,America/Phoenix,West:Phoenix,large,2019|fall|West:Phoenix|large,PHX,LAX,1940.0,confirmed_period,confirmed_period,confirmed_period,True,,2019-10-27 01:40:00+00:00
TRAIN_692433,692433,2019,2019-01-03,winter,Northeast,America/New_York,Northeast:New_York,small,2019|winter|Northeast:New_York|small,BGM,DTW,1747.0,confirmed_period,confirmed_period,confirmed_period,True,,2019-01-03 21:47:00+00:00
TRAIN_694197,694197,2019,2019-11-12,fall,Midwest,America/Denver,Midwest:Denver,medium,2019|fall|Midwest:Denver|medium,RAP,MSP,1150.0,confirmed_period,confirmed_period,confirmed_period,True,,2019-11-12 17:50:00+00:00
TRAIN_694425,694425,2018,2018-12-02,winter,South,America/Chicago,South:Chicago,large,2018|winter|South:Chicago|large,HOU,MSY,825.0,confirmed_period,confirmed_period,confirmed_period,True,,2018-12-02 13:25:00+00:00
TRAIN_694974,694974,2018,2018-08-17,summer,West,America/Boise,West:Boise,medium,2018|summer|West:Boise|medium,IDA,DEN,1011.0,confirmed_period,confirmed_period,confirmed_period,True,,2018-08-17 15:11:00+00:00
TRAIN_697497,697497,2018,2018-07-04,summer,Northeast,America/New_York,Northeast:New_York,medium,2018|summer|Northeast:New_York|medium,TTN,RDU,1532.0,confirmed_period,confirmed_period,confirmed_period,True,,2018-07-04 18:32:00+00:00
TRAIN_716865,716865,2018,2018-04-20,spring,Midwest,America/Detroit,Midwest:Detroit,small,2018|spring|Midwest:Detroit|small,MQT,DTW,1743.0,unconfirmed,confirmed_period,unconfirmed,False,"origin=unconfirmed,destination=confirmed_period",2018-04-20 20:43:00+00:00
TRAIN_719083,719083,2018,2018-06-02,summer,Midwest,America/Chicago,Midwest:Chicago,small,2018|summer|Midwest:Chicago|small,EAU,ORD,547.0,confirmed_period,confirmed_period,confirmed_period,True,,2018-06-02 09:47:00+00:00
TRAIN_719644,719644,2018,2018-08-22,summer,Midwest,America/Indiana/Indianapolis,Midwest:Indianapolis,large,2018|summer|Midwest:Indianapolis|large,IND,DEN,925.0,confirmed_period,confirmed_period,confirmed_period,True,,2018-08-22 12:25:00+00:00
TRAIN_719892,719892,2019,2019-03-14,spring,South,America/New_York,South:New_York,medium,2019|spring|South:New_York|medium,AGS,ATL,835.0,confirmed_period,confirmed_period,confirmed_period,True,,2019-03-14 11:35:00+00:00
TRAIN_720217,720217,2019,2019-11-09,fall,Midwest,America/Detroit,Midwest:Detroit,small,2019|fall|Midwest:Detroit|small,CIU,MSP,720.0,confirmed_period,confirmed_period,confirmed_period,True,,2019-11-09 11:20:00+00:00
TRAIN_723189,723189,2019,2019-03-02,spring,Non-contiguous territory,America/St_Thomas,Non-contiguous territory,medium,2019|spring|Non-contiguous territory|medium,STT,EWR,1525.0,tz_conflict_needs_resolution,confirmed_period,tz_conflict_needs_resolution,False,"origin=tz_conflict_needs_resolution,destination=confirmed_period",2019-03-02 18:25:00+00:00
TRAIN_726565,726565,2018,2018-03-24,spring,South,America/Chicago,South:Chicago,small,2018|spring|South:Chicago|small,PAH,ORD,635.0,confirmed_period,confirmed_period,confirmed_period,True,,2018-03-24 10:35:00+00:00
TRAIN_726790,726790,2019,2019-07-14,summer,West,America/Boise,West:Boise,large,2019|summer|West:Boise|large,BOI,SEA,810.0,confirmed_period,confirmed_period,confirmed_period,True,,2019-07-14 13:10:00+00:00
TRAIN_734427,734427,2019,2019-01-04,winter,Midwest,America/Detroit,Midwest:Detroit,small,2019|winter|Midwest:Detroit|small,PLN,APN,2233.0,confirmed_period,confirmed_period,confirmed_period,True,,2019-01-05 02:33:00+00:00
TRAIN_738357,738357,2018,2018-10-18,fall,West,America/Los_Angeles,West:Los_Angeles,medium,2018|fall|West:Los_Angeles|medium,PSC,SFO,1535.0,confirmed_period,confirmed_period,confirmed_period,True,,2018-10-18 21:35:00+00:00
TRAIN_743414,743414,2018,2018-04-24,spring,Midwest,America/Chicago,Midwest:Chicago,large,2018|spring|Midwest:Chicago|large,DSM,LAS,1215.0,confirmed_period,confirmed_period,confirmed_period,True,,2018-04-24 16:15:00+00:00
TRAIN_750816,750816,2018,2018-07-13,summer,Alaska,America/Anchorage,Alaska,medium,2018|summer|Alaska|medium,FAI,ORD,2023.0,confirmed_period,confirmed_period,confirmed_period,True,,2018-07-14 03:23:00+00:00
TRAIN_753927,753927,2018,2018-12-02,winter,West,America/Phoenix,West:Phoenix,large,2018|winter|West:Phoenix|large,PHX,JFK,1644.0,confirmed_period,confirmed_period,confirmed_period,True,,2018-12-02 22:44:00+00:00
TRAIN_754154,754154,2018,2018-07-01,summer,Hawaii,Pacific/Honolulu,Hawaii,medium,2018|summer|Hawaii|medium,ITO,HNL,1856.0,confirmed_period,confirmed_period,confirmed_period,True,,2018-07-02 03:56:00+00:00
TRAIN_756310,756310,2019,2019-05-27,spring,West,America/Denver,West:Denver,large,2019|spring|West:Denver|large,DEN,SAT,2152.0,confirmed_period,confirmed_period,confirmed_period,True,,2019-05-28 02:52:00+00:00
TRAIN_758661,758661,2018,2018-04-07,spring,South,America/New_York,South:New_York,medium,2018|spring|South:New_York|medium,SRQ,EWR,1048.0,confirmed_period,confirmed_period,confirmed_period,True,,2018-04-07 13:48:00+00:00
TRAIN_761615,761615,2019,2019-08-30,summer,Midwest,America/Chicago,Midwest:Chicago,large,2019|summer|Midwest:Chicago|large,ORD,PIT,750.0,confirmed_period,confirmed_period,confirmed_period,True,,2019-08-30 11:50:00+00:00
TRAIN_767081,767081,2019,2019-12-30,winter,Midwest,America/Denver,Midwest:Denver,small,2019|winter|Midwest:Denver|small,DIK,DEN,1540.0,confirmed_period,confirmed_period,confirmed_period,True,,2019-12-30 21:40:00+00:00
TRAIN_767819,767819,2019,2019-11-22,fall,West,America/Denver,West:Denver,large,2019|fall|West:Denver|large,DEN,DFW,1940.0,confirmed_period,confirmed_period,confirmed_period,True,,2019-11-23 01:40:00+00:00
TRAIN_768270,768270,2018,2018-01-05,winter,Midwest,America/Indiana/Indianapolis,Midwest:Indianapolis,medium,2018|winter|Midwest:Indianapolis|medium,FWA,EWR,600.0,confirmed_period,confirmed_period,confirmed_period,True,,2018-01-05 10:00:00+00:00
TRAIN_769097,769097,2019,2019-02-23,winter,West,America/Phoenix,West:Phoenix,large,2019|winter|West:Phoenix|large,PHX,DFW,2120.0,confirmed_period,confirmed_period,confirmed_period,True,,2019-02-24 03:20:00+00:00
TRAIN_774202,774202,2019,2019-01-27,winter,Non-contiguous territory,America/Puerto_Rico,Non-contiguous territory,large,2019|winter|Non-contiguous territory|large,SJU,MCO,1240.0,confirmed_period,confirmed_period,confirmed_period,True,,2019-01-27 15:40:00+00:00
TRAIN_778710,778710,2019,2019-08-24,summer,Northeast,America/New_York,Northeast:New_York,small,2019|summer|Northeast:New_York|small,HVN,CLT,1150.0,confirmed_period,confirmed_period,confirmed_period,True,,2019-08-24 14:50:00+00:00
TRAIN_779062,779062,2018,2018-07-09,summer,Non-contiguous territory,America/Puerto_Rico,Non-contiguous territory,medium,2018|summer|Non-contiguous territory|medium,BQN,MCO,1033.0,confirmed_period,confirmed_period,confirmed_period,True,,2018-07-09 13:33:00+00:00
TRAIN_780504,780504,2018,2018-10-18,fall,Alaska,America/Anchorage,Alaska,medium,2018|fall|Alaska|medium,FAI,ANC,1100.0,confirmed_period,confirmed_period,confirmed_period,True,,2018-10-18 18:00:00+00:00
TRAIN_781572,781572,2019,2019-06-09,summer,West,America/Phoenix,West:Phoenix,large,2019|summer|West:Phoenix|large,PHX,BUR,835.0,confirmed_period,confirmed_period,confirmed_period,True,,2019-06-09 14:35:00+00:00
TRAIN_783029,783029,2018,2018-09-19,fall,West,America/Denver,West:Denver,large,2018|fall|West:Denver|large,DEN,LBB,1955.0,confirmed_period,confirmed_period,confirmed_period,True,,2018-09-20 00:55:00+00:00
TRAIN_785723,785723,2018,2018-06-01,summer,West,America/Denver,West:Denver,medium,2018|summer|West:Denver|medium,BIL,DEN,1324.0,confirmed_period,confirmed_period,confirmed_period,True,,2018-06-01 18:24:00+00:00
TRAIN_790450,790450,2019,2019-06-16,summer,West,America/Los_Angeles,West:Los_Angeles,medium,2019|summer|West:Los_Angeles|medium,SBP,SFO,1750.0,confirmed_period,confirmed_period,confirmed_period,True,,2019-06-16 23:50:00+00:00
TRAIN_793272,793272,2018,2018-06-16,summer,West,America/Phoenix,West:Phoenix,medium,2018|summer|West:Phoenix|medium,AZA,OMA,1413.0,unconfirmed,confirmed_period,unconfirmed,False,"origin=unconfirmed,destination=confirmed_period",2018-06-16 20:13:00+00:00
TRAIN_804549,804549,2019,2019-09-10,fall,West,America/Los_Angeles,West:Los_Angeles,medium,2019|fall|West:Los_Angeles|medium,SBP,LAX,1420.0,confirmed_period,confirmed_period,confirmed_period,True,,2019-09-10 20:20:00+00:00
TRAIN_810943,810943,2018,2018-01-27,winter,Midwest,America/Indiana/Indianapolis,Midwest:Indianapolis,large,2018|winter|Midwest:Indianapolis|large,IND,DTW,1014.0,confirmed_period,confirmed_period,confirmed_period,True,,2018-01-27 14:14:00+00:00
TRAIN_812651,812651,2018,2018-03-12,spring,South,America/Chicago,South:Chicago,medium,2018|spring|South:Chicago|medium,LRD,IAH,1204.0,confirmed_period,confirmed_period,confirmed_period,True,,2018-03-12 16:04:00+00:00
TRAIN_817073,817073,2018,2018-07-31,summer,Midwest,America/Denver,Midwest:Denver,medium,2018|summer|Midwest:Denver|medium,RAP,DEN,1205.0,confirmed_period,confirmed_period,confirmed_period,True,,2018-07-31 17:05:00+00:00
TRAIN_821457,821457,2018,2018-01-24,winter,West,America/Boise,West:Boise,large,2018|winter|West:Boise|large,BOI,SEA,1550.0,confirmed_period,confirmed_period,confirmed_period,True,,2018-01-24 21:50:00+00:00
TRAIN_829019,829019,2018,2018-06-11,summer,Midwest,America/Chicago,Midwest:Chicago,large,2018|summer|Midwest:Chicago|large,ORD,ISP,1815.0,confirmed_period,confirmed_period,confirmed_period,True,,2018-06-11 22:15:00+00:00
TRAIN_829613,829613,2019,2019-07-10,summer,Midwest,America/Detroit,Midwest:Detroit,medium,2019|summer|Midwest:Detroit|medium,MBS,ORD,610.0,confirmed_period,confirmed_period,confirmed_period,True,,2019-07-10 09:10:00+00:00
TRAIN_830252,830252,2019,2019-08-31,summer,South,America/Kentucky/Louisville,South:Louisville,large,2019|summer|South:Louisville|large,SDF,MCO,710.0,tz_conflict_needs_resolution,confirmed_period,tz_conflict_needs_resolution,False,"origin=tz_conflict_needs_resolution,destination=confirmed_period",2019-08-31 10:10:00+00:00
TRAIN_832142,832142,2018,2018-11-15,fall,West,America/Boise,West:Boise,large,2018|fall|West:Boise|large,BOI,DEN,1435.0,confirmed_period,confirmed_period,confirmed_period,True,,2018-11-15 20:35:00+00:00
TRAIN_832336,832336,2019,2019-05-05,spring,Midwest,America/Detroit,Midwest:Detroit,medium,2019|spring|Midwest:Detroit|medium,AZO,ORD,1825.0,confirmed_period,confirmed_period,confirmed_period,True,,2019-05-05 21:25:00+00:00
TRAIN_833027,833027,2019,2019-06-24,summer,Alaska,America/Anchorage,Alaska,medium,2019|summer|Alaska|medium,FAI,SEA,530.0,confirmed_period,confirmed_period,confirmed_period,True,,2019-06-24 12:30:00+00:00
TRAIN_837837,837837,2019,2019-02-25,winter,Non-contiguous territory,America/Puerto_Rico,Non-contiguous territory,medium,2019|winter|Non-contiguous territory|medium,BQN,FLL,1600.0,confirmed_period,confirmed_period,confirmed_period,True,,2019-02-25 19:00:00+00:00
TRAIN_840952,840952,2018,2018-04-12,spring,Midwest,America/Indiana/Indianapolis,Midwest:Indianapolis,large,2018|spring|Midwest:Indianapolis|large,IND,DEN,2105.0,confirmed_period,confirmed_period,confirmed_period,True,,2018-04-13 00:05:00+00:00
TRAIN_842700,842700,2019,2019-02-20,winter,Midwest,America/Chicago,Midwest:Chicago,large,2019|winter|Midwest:Chicago|large,MSP,JFK,655.0,confirmed_period,confirmed_period,confirmed_period,True,,2019-02-20 11:55:00+00:00
TRAIN_843033,843033,2018,2018-12-31,winter,Midwest,America/New_York,Midwest:New_York,large,2018|winter|Midwest:New_York|large,CMH,RSW,625.0,confirmed_period,confirmed_period,confirmed_period,True,,2018-12-31 10:25:00+00:00
TRAIN_849663,849663,2018,2018-07-12,summer,Hawaii,Pacific/Honolulu,Hawaii,large,2018|summer|Hawaii|large,OGG,HNL,1100.0,confirmed_period,confirmed_period,confirmed_period,True,,2018-07-12 20:00:00+00:00
TRAIN_850306,850306,2019,2019-08-10,summer,South,America/New_York,South:New_York,medium,2019|summer|South:New_York|medium,ROA,ORD,1730.0,confirmed_period,confirmed_period,confirmed_period,True,,2019-08-10 20:30:00+00:00
TRAIN_852476,852476,2018,2018-05-12,spring,South,America/Kentucky/Louisville,South:Louisville,large,2018|spring|South:Louisville|large,SDF,MDW,1940.0,tz_conflict_needs_resolution,confirmed_period,tz_conflict_needs_resolution,False,"origin=tz_conflict_needs_resolution,destination=confirmed_period",2018-05-12 22:40:00+00:00
TRAIN_854326,854326,2018,2018-10-10,fall,West,America/Denver,West:Denver,medium,2018|fall|West:Denver|medium,DRO,DEN,1551.0,confirmed_period,confirmed_period,confirmed_period,True,,2018-10-10 20:51:00+00:00
TRAIN_855079,855079,2019,2019-10-01,fall,West,America/Phoenix,West:Phoenix,medium,2019|fall|West:Phoenix|medium,FLG,DEN,700.0,confirmed_period,confirmed_period,confirmed_period,True,,2019-10-01 13:00:00+00:00
TRAIN_855127,855127,2018,2018-11-03,fall,West,America/Phoenix,West:Phoenix,large,2018|fall|West:Phoenix|large,PHX,LAX,645.0,confirmed_period,confirmed_period,confirmed_period,True,,2018-11-03 12:45:00+00:00
TRAIN_857358,857358,2019,2019-12-15,winter,Northeast,America/New_York,Northeast:New_York,large,2019|winter|Northeast:New_York|large,JFK,SFO,700.0,confirmed_period,confirmed_period,confirmed_period,True,,2019-12-15 11:00:00+00:00
TRAIN_862475,862475,2018,2018-03-25,spring,Northeast,America/New_York,Northeast:New_York,medium,2018|spring|Northeast:New_York|medium,ACY,TPA,1040.0,confirmed_period,confirmed_period,confirmed_period,True,,2018-03-25 13:40:00+00:00
TRAIN_864809,864809,2018,2018-04-23,spring,Midwest,America/Detroit,Midwest:Detroit,large,2018|spring|Midwest:Detroit|large,DTW,CMH,820.0,confirmed_period,confirmed_period,confirmed_period,True,,2018-04-23 11:20:00+00:00
TRAIN_876486,876486,2018,2018-09-18,fall,Midwest,America/Detroit,Midwest:Detroit,large,2018|fall|Midwest:Detroit|large,DTW,ATL,1655.0,confirmed_period,confirmed_period,confirmed_period,True,,2018-09-18 19:55:00+00:00
TRAIN_877129,877129,2019,2019-10-25,fall,South,America/New_York,South:New_York,medium,2019|fall|South:New_York|medium,SRQ,CVG,2035.0,confirmed_period,confirmed_period,confirmed_period,True,,2019-10-25 23:35:00+00:00
TRAIN_879280,879280,2018,2018-12-22,winter,West,America/Denver,West:Denver,medium,2018|winter|West:Denver|medium,SGU,PHX,1246.0,confirmed_period,confirmed_period,confirmed_period,True,,2018-12-22 18:46:00+00:00
TRAIN_881152,881152,2019,2019-06-03,summer,Midwest,America/Indiana/Indianapolis,Midwest:Indianapolis,medium,2019|summer|Midwest:Indianapolis|medium,SBN,MSP,700.0,confirmed_period,confirmed_period,confirmed_period,True,,2019-06-03 10:00:00+00:00
TRAIN_885038,885038,2019,2019-05-02,spring,Midwest,America/Indiana/Indianapolis,Midwest:Indianapolis,large,2019|spring|Midwest:Indianapolis|large,IND,EWR,1600.0,confirmed_period,confirmed_period,confirmed_period,True,,2019-05-02 19:00:00+00:00
TRAIN_885514,885514,2018,2018-08-16,summer,South,America/New_York,South:New_York,medium,2018|summer|South:New_York|medium,PGD,MDT,1249.0,confirmed_period,confirmed_period,confirmed_period,True,,2018-08-16 15:49:00+00:00
TRAIN_885830,885830,2019,2019-10-05,fall,Alaska,America/Anchorage,Alaska,large,2019|fall|Alaska|large,ANC,SEA,155.0,confirmed_period,confirmed_period,confirmed_period,True,,2019-10-05 08:55:00+00:00
TRAIN_890466,890466,2019,2019-02-23,winter,South,America/Chicago,South:Chicago,medium,2019|winter|South:Chicago|medium,ECP,DFW,1455.0,confirmed_period,confirmed_period,confirmed_period,True,,2019-02-23 19:55:00+00:00
TRAIN_897522,897522,2019,2019-10-07,fall,Midwest,America/Denver,Midwest:Denver,small,2019|fall|Midwest:Denver|small,DIK,DEN,1543.0,confirmed_period,confirmed_period,confirmed_period,True,,2019-10-07 20:43:00+00:00
TRAIN_898957,898957,2019,2019-11-19,fall,West,America/Boise,West:Boise,large,2019|fall|West:Boise|large,BOI,LAX,746.0,confirmed_period,confirmed_period,confirmed_period,True,,2019-11-19 13:46:00+00:00
TRAIN_899119,899119,2019,2019-01-25,winter,South,America/Kentucky/Louisville,South:Louisville,large,2019|winter|South:Louisville|large,SDF,DTW,1130.0,tz_conflict_needs_resolution,confirmed_period,tz_conflict_needs_resolution,False,"origin=tz_conflict_needs_resolution,destination=confirmed_period",2019-01-25 15:30:00+00:00
TRAIN_901579,901579,2019,2019-08-08,summer,West,America/Phoenix,West:Phoenix,medium,2019|summer|West:Phoenix|medium,AZA,PIA,1410.0,unconfirmed,confirmed_period,unconfirmed,False,"origin=unconfirmed,destination=confirmed_period",2019-08-08 20:10:00+00:00
TRAIN_904526,904526,2018,2018-04-18,spring,West,America/Los_Angeles,West:Los_Angeles,large,2018|spring|West:Los_Angeles|large,SNA,EWR,1605.0,confirmed_period,confirmed_period,confirmed_period,True,,2018-04-18 22:05:00+00:00
TRAIN_913365,913365,2018,2018-03-15,spring,Hawaii,Pacific/Honolulu,Hawaii,medium,2018|spring|Hawaii|medium,ITO,HNL,620.0,confirmed_period,confirmed_period,confirmed_period,True,,2018-03-15 15:20:00+00:00
TRAIN_919023,919023,2019,2019-01-01,winter,Midwest,America/New_York,Midwest:New_York,large,2019|winter|Midwest:New_York|large,CLE,FLL,705.0,confirmed_period,confirmed_period,confirmed_period,True,,2019-01-01 11:05:00+00:00
TRAIN_919703,919703,2019,2019-01-23,winter,Midwest,America/Detroit,Midwest:Detroit,medium,2019|winter|Midwest:Detroit|medium,FNT,ATL,1758.0,confirmed_period,confirmed_period,confirmed_period,True,,2019-01-23 21:58:00+00:00
TRAIN_929959,929959,2019,2019-04-04,spring,West,America/Denver,West:Denver,medium,2019|spring|West:Denver|medium,BIL,SLC,600.0,confirmed_period,confirmed_period,confirmed_period,True,,2019-04-04 11:00:00+00:00
TRAIN_936562,936562,2018,2018-01-20,winter,Alaska,America/Anchorage,Alaska,small,2018|winter|Alaska|small,BRW,FAI,1154.0,confirmed_period,confirmed_period,confirmed_period,True,,2018-01-20 19:54:00+00:00
TRAIN_939194,939194,2019,2019-11-28,fall,West,America/Boise,West:Boise,medium,2019|fall|West:Boise|medium,TWF,SLC,630.0,confirmed_period,confirmed_period,confirmed_period,True,,2019-11-28 12:30:00+00:00
TRAIN_941415,941415,2019,2019-03-17,spring,South,America/Denver,South:Denver,large,2019|spring|South:Denver|large,ELP,ATL,600.0,confirmed_period,confirmed_period,confirmed_period,True,,2019-03-17 11:00:00+00:00
TRAIN_942785,942785,2019,2019-06-13,summer,Non-contiguous territory,America/St_Thomas,Non-contiguous territory,small,2019|summer|Non-contiguous territory|small,STX,MIA,1546.0,tz_conflict_needs_resolution,confirmed_period,tz_conflict_needs_resolution,False,"origin=tz_conflict_needs_resolution,destination=confirmed_period",2019-06-13 18:46:00+00:00
TRAIN_945566,945566,2019,2019-03-26,spring,Northeast,America/New_York,Northeast:New_York,medium,2019|spring|Northeast:New_York|medium,ITH,PHL,1046.0,confirmed_period,confirmed_period,confirmed_period,True,,2019-03-26 13:46:00+00:00
TRAIN_947450,947450,2018,2018-10-20,fall,Alaska,America/Anchorage,Alaska,large,2018|fall|Alaska|large,ANC,FAI,900.0,confirmed_period,confirmed_period,confirmed_period,True,,2018-10-20 16:00:00+00:00
TRAIN_947968,947968,2019,2019-11-21,fall,Non-contiguous territory,America/Puerto_Rico,Non-contiguous territory,large,2019|fall|Non-contiguous territory|large,SJU,BWI,1450.0,confirmed_period,confirmed_period,confirmed_period,True,,2019-11-21 17:50:00+00:00
TRAIN_948151,948151,2019,2019-12-05,winter,South,America/Chicago,South:Chicago,large,2019|winter|South:Chicago|large,BNA,PHX,1925.0,confirmed_period,confirmed_period,confirmed_period,True,,2019-12-06 00:25:00+00:00
TRAIN_950609,950609,2019,2019-07-21,summer,West,America/Denver,West:Denver,medium,2019|summer|West:Denver|medium,GJT,PHX,728.0,confirmed_period,confirmed_period,confirmed_period,True,,2019-07-21 12:28:00+00:00
TRAIN_963593,963593,2018,2018-12-12,winter,Northeast,America/New_York,Northeast:New_York,medium,2018|winter|Northeast:New_York|medium,ORH,PHL,1547.0,confirmed_period,confirmed_period,confirmed_period,True,,2018-12-12 19:47:00+00:00
TRAIN_978779,978779,2019,2019-03-08,spring,Midwest,America/Detroit,Midwest:Detroit,small,2019|spring|Midwest:Detroit|small,CMX,ORD,1310.0,confirmed_period,confirmed_period,confirmed_period,True,,2019-03-08 17:10:00+00:00
TRAIN_982731,982731,2019,2019-05-11,spring,Midwest,America/Indiana/Indianapolis,Midwest:Indianapolis,medium,2019|spring|Midwest:Indianapolis|medium,SBN,ORD,800.0,confirmed_period,confirmed_period,confirmed_period,True,,2019-05-11 11:00:00+00:00
TRAIN_986091,986091,2019,2019-08-04,summer,Alaska,America/Sitka,Alaska,small,2019|summer|Alaska|small,SIT,SEA,1015.0,tz_conflict_needs_resolution,confirmed_period,tz_conflict_needs_resolution,False,"origin=tz_conflict_needs_resolution,destination=confirmed_period",2019-08-04 17:15:00+00:00
TRAIN_990350,990350,2019,2019-09-12,fall,Non-contiguous territory,America/St_Thomas,Non-contiguous territory,medium,2019|fall|Non-contiguous territory|medium,STT,MCO,1514.0,tz_conflict_needs_resolution,confirmed_period,tz_conflict_needs_resolution,False,"origin=tz_conflict_needs_resolution,destination=confirmed_period",2019-09-12 18:14:00+00:00
TRAIN_991818,991818,2019,2019-02-04,winter,Hawaii,Pacific/Honolulu,Hawaii,medium,2019|winter|Hawaii|medium,MKK,HNL,751.0,confirmed_period,confirmed_period,confirmed_period,True,,2019-02-04 16:51:00+00:00
TRAIN_998292,998292,2018,2018-07-11,summer,Alaska,America/Nome,Alaska,small,2018|summer|Alaska|small,OME,ANC,1226.0,confirmed_period,confirmed_period,confirmed_period,True,,2018-07-11 19:26:00+00:00
